Question ID,Response,Knowledge Component,Difficulty,Answer,Student ID,Status,literal_number_correct,literal_number_incorrect,inferential_number_correct,inferential_number_incorrect,critical_number_correct,critical_number_incorrect
0,C,literal,0,D,0,0,0,0,0,0,0,0
1,C,inferential,0.2796508158,B,0,0,0,1,0,0,0,0
2,D,inferential,0.4901752136,B,0,0,0,2,0,1,0,0
3,B,inferential,0.3040887644,C,0,0,0,3,0,2,0,0
4,B,inferential,0.3160402773,A,0,0,0,4,0,3,0,0
5,A,inferential,0.4830983286,A,0,1,1,4,1,3,0,0
6,A,literal,0.1370567028,B,0,0,1,5,1,4,0,0
7,C,critical,0.4742685156,D,0,0,1,6,0,0,0,0
8,A,inferential,0.5231932545,B,0,0,1,7,0,1,0,1
9,D,literal,0.06470921989,A,0,0,1,8,0,2,0,0
10,B,literal,0.06470921989,C,0,0,1,9,0,0,0,0
11,D,critical,0.6044730745,C,0,0,1,10,0,0,0,0
12,C,inferential,0.5759683477,D,0,0,1,11,0,1,0,1
13,A,literal,0.6585900523,A,0,1,2,11,1,1,0,0
14,B,literal,0.6585900523,B,0,1,3,11,0,0,0,0
15,A,critical,1,B,0,0,3,12,0,0,0,0
16,C,critical,0.5400272658,C,0,1,4,12,1,0,1,0
17,B,critical,0.5153247851,C,0,0,4,13,1,1,1,1
18,D,critical,0.662024699,B,0,0,4,14,1,2,1,2
19,A,inferential,0.7254680353,D,0,0,4,15,1,3,1,3
0,C,literal,0,D,1,0,0,0,0,0,0,0
1,A,inferential,0.2796508158,B,1,0,0,1,0,0,0,0
2,D,inferential,0.4901752136,B,1,0,0,2,0,1,0,0
3,A,inferential,0.3040887644,C,1,0,0,3,0,2,0,0
4,B,inferential,0.3160402773,A,1,0,0,4,0,3,0,0
5,D,inferential,0.4830983286,A,1,0,0,5,0,4,0,0
6,C,literal,0.1370567028,B,1,0,0,6,0,5,0,0
7,A,critical,0.4742685156,D,1,0,0,7,0,0,0,0
8,C,inferential,0.5231932545,B,1,0,0,8,0,1,0,1
9,B,literal,0.06470921989,A,1,0,0,9,0,2,0,0
10,D,literal,0.06470921989,C,1,0,0,10,0,0,0,0
11,A,critical,0.6044730745,C,1,0,0,11,0,0,0,0
12,A,inferential,0.5759683477,D,1,0,0,12,0,1,0,1
13,C,literal,0.6585900523,A,1,0,0,13,0,2,0,0
14,D,literal,0.6585900523,B,1,0,0,14,0,0,0,0
15,B,critical,1,B,1,1,1,14,0,0,0,0
16,C,critical,0.5400272658,C,1,1,2,14,1,0,1,0
17,A,critical,0.5153247851,C,1,0,2,15,1,1,1,1
18,D,critical,0.662024699,B,1,0,2,16,1,2,1,2
19,C,inferential,0.7254680353,D,1,0,2,17,1,3,1,3
0,D,literal,0,D,2,1,0,0,0,0,0,0
1,C,inferential,0.2796508158,B,2,0,0,1,0,0,0,0
2,B,inferential,0.4901752136,B,2,1,1,1,1,0,0,0
3,A,inferential,0.3040887644,C,2,0,1,2,1,1,0,0
4,A,inferential,0.3160402773,A,2,1,2,2,2,1,0,0
5,D,inferential,0.4830983286,A,2,0,2,3,2,2,0,0
6,C,literal,0.1370567028,B,2,0,2,4,2,3,0,0
7,D,critical,0.4742685156,D,2,1,3,4,0,0,0,0
8,A,inferential,0.5231932545,B,2,0,3,5,0,1,0,1
9,C,literal,0.06470921989,A,2,0,3,6,0,2,0,0
10,A,literal,0.06470921989,C,2,0,3,7,0,0,0,0
11,A,critical,0.6044730745,C,2,0,3,8,0,0,0,0
12,C,inferential,0.5759683477,D,2,0,3,9,0,1,0,1
13,D,literal,0.6585900523,A,2,0,3,10,0,2,0,0
14,A,literal,0.6585900523,B,2,0,3,11,0,0,0,0
15,A,critical,1,B,2,0,3,12,0,0,0,0
16,C,critical,0.5400272658,C,2,1,4,12,1,0,1,0
17,A,critical,0.5153247851,C,2,0,4,13,1,1,1,1
18,B,critical,0.662024699,B,2,1,5,13,2,1,2,1
19,D,inferential,0.7254680353,D,2,1,6,13,3,1,3,1
0,B,literal,0,D,3,0,0,0,0,0,0,0
1,B,inferential,0.2796508158,B,3,1,1,0,0,0,0,0
2,D,inferential,0.4901752136,B,3,0,1,1,0,1,0,0
3,A,inferential,0.3040887644,C,3,0,1,2,0,2,0,0
4,B,inferential,0.3160402773,A,3,0,1,3,0,3,0,0
5,B,inferential,0.4830983286,A,3,0,1,4,0,4,0,0
6,B,literal,0.1370567028,B,3,1,2,4,1,4,0,0
7,B,critical,0.4742685156,D,3,0,2,5,0,0,0,0
8,C,inferential,0.5231932545,B,3,0,2,6,0,1,0,1
9,A,literal,0.06470921989,A,3,1,3,6,1,1,0,0
10,A,literal,0.06470921989,C,3,0,3,7,0,0,0,0
11,C,critical,0.6044730745,C,3,1,4,7,0,0,0,0
12,C,inferential,0.5759683477,D,3,0,4,8,0,1,0,1
13,A,literal,0.6585900523,A,3,1,5,8,1,1,0,0
14,B,literal,0.6585900523,B,3,1,6,8,0,0,0,0
15,A,critical,1,B,3,0,6,9,0,0,0,0
16,D,critical,0.5400272658,C,3,0,6,10,0,1,0,1
17,B,critical,0.5153247851,C,3,0,6,11,0,2,0,2
18,A,critical,0.662024699,B,3,0,6,12,0,3,0,3
19,B,inferential,0.7254680353,D,3,0,6,13,0,4,0,4
0,A,literal,0,D,4,0,0,0,0,0,0,0
1,B,inferential,0.2796508158,B,4,1,1,0,0,0,0,0
2,B,inferential,0.4901752136,B,4,1,2,0,1,0,0,0
3,C,inferential,0.3040887644,C,4,1,3,0,2,0,0,0
4,A,inferential,0.3160402773,A,4,1,4,0,3,0,0,0
5,A,inferential,0.4830983286,A,4,1,5,0,4,0,0,0
6,B,literal,0.1370567028,B,4,1,6,0,5,0,0,0
7,A,critical,0.4742685156,D,4,0,6,1,0,0,0,0
8,A,inferential,0.5231932545,B,4,0,6,2,0,1,0,1
9,C,literal,0.06470921989,A,4,0,6,3,0,2,0,0
10,D,literal,0.06470921989,C,4,0,6,4,0,0,0,0
11,A,critical,0.6044730745,C,4,0,6,5,0,0,0,0
12,A,inferential,0.5759683477,D,4,0,6,6,0,1,0,1
13,A,literal,0.6585900523,A,4,1,7,6,1,1,0,0
14,A,literal,0.6585900523,B,4,0,7,7,0,0,0,0
15,A,critical,1,B,4,0,7,8,0,0,0,0
16,B,critical,0.5400272658,C,4,0,7,9,0,1,0,1
17,A,critical,0.5153247851,C,4,0,7,10,0,2,0,2
18,B,critical,0.662024699,B,4,1,8,10,1,2,1,2
19,C,inferential,0.7254680353,D,4,0,8,11,1,3,1,3
0,C,literal,0,D,5,0,0,0,0,0,0,0
1,C,inferential,0.2796508158,B,5,0,0,1,0,0,0,0
2,D,inferential,0.4901752136,B,5,0,0,2,0,1,0,0
3,A,inferential,0.3040887644,C,5,0,0,3,0,2,0,0
4,C,inferential,0.3160402773,A,5,0,0,4,0,3,0,0
5,B,inferential,0.4830983286,A,5,0,0,5,0,4,0,0
6,B,literal,0.1370567028,B,5,1,1,5,1,4,0,0
7,D,critical,0.4742685156,D,5,1,2,5,0,0,0,0
8,B,inferential,0.5231932545,B,5,1,3,5,1,0,1,0
9,C,literal,0.06470921989,A,5,0,3,6,1,1,0,0
10,D,literal,0.06470921989,C,5,0,3,7,0,0,0,0
11,D,critical,0.6044730745,C,5,0,3,8,0,0,0,0
12,B,inferential,0.5759683477,D,5,0,3,9,0,1,0,1
13,C,literal,0.6585900523,A,5,0,3,10,0,2,0,0
14,B,literal,0.6585900523,B,5,1,4,10,0,0,0,0
15,A,critical,1,B,5,0,4,11,0,0,0,0
16,D,critical,0.5400272658,C,5,0,4,12,0,1,0,1
17,B,critical,0.5153247851,C,5,0,4,13,0,2,0,2
18,C,critical,0.662024699,B,5,0,4,14,0,3,0,3
19,D,inferential,0.7254680353,D,5,1,5,14,1,3,1,3
0,D,literal,0,D,6,1,0,0,0,0,0,0
1,C,inferential,0.2796508158,B,6,0,0,1,0,0,0,0
2,B,inferential,0.4901752136,B,6,1,1,1,1,0,0,0
3,A,inferential,0.3040887644,C,6,0,1,2,1,1,0,0
4,C,inferential,0.3160402773,A,6,0,1,3,1,2,0,0
5,D,inferential,0.4830983286,A,6,0,1,4,1,3,0,0
6,A,literal,0.1370567028,B,6,0,1,5,1,4,0,0
7,D,critical,0.4742685156,D,6,1,2,5,0,0,0,0
8,A,inferential,0.5231932545,B,6,0,2,6,0,1,0,1
9,B,literal,0.06470921989,A,6,0,2,7,0,2,0,0
10,A,literal,0.06470921989,C,6,0,2,8,0,0,0,0
11,A,critical,0.6044730745,C,6,0,2,9,0,0,0,0
12,C,inferential,0.5759683477,D,6,0,2,10,0,1,0,1
13,C,literal,0.6585900523,A,6,0,2,11,0,2,0,0
14,B,literal,0.6585900523,B,6,1,3,11,0,0,0,0
15,B,critical,1,B,6,1,4,11,0,0,0,0
16,D,critical,0.5400272658,C,6,0,4,12,0,1,0,1
17,C,critical,0.5153247851,C,6,1,5,12,1,1,1,1
18,C,critical,0.662024699,B,6,0,5,13,1,2,1,2
19,A,inferential,0.7254680353,D,6,0,5,14,1,3,1,3
0,D,literal,0,D,7,1,0,0,0,0,0,0
1,B,inferential,0.2796508158,B,7,1,1,0,0,0,0,0
2,C,inferential,0.4901752136,B,7,0,1,1,0,1,0,0
3,A,inferential,0.3040887644,C,7,0,1,2,0,2,0,0
4,A,inferential,0.3160402773,A,7,1,2,2,1,2,0,0
5,A,inferential,0.4830983286,A,7,1,3,2,2,2,0,0
6,B,literal,0.1370567028,B,7,1,4,2,3,2,0,0
7,B,critical,0.4742685156,D,7,0,4,3,0,0,0,0
8,C,inferential,0.5231932545,B,7,0,4,4,0,1,0,1
9,B,literal,0.06470921989,A,7,0,4,5,0,2,0,0
10,A,literal,0.06470921989,C,7,0,4,6,0,0,0,0
11,C,critical,0.6044730745,C,7,1,5,6,0,0,0,0
12,C,inferential,0.5759683477,D,7,0,5,7,0,1,0,1
13,D,literal,0.6585900523,A,7,0,5,8,0,2,0,0
14,A,literal,0.6585900523,B,7,0,5,9,0,0,0,0
15,D,critical,1,B,7,0,5,10,0,0,0,0
16,D,critical,0.5400272658,C,7,0,5,11,0,1,0,1
17,A,critical,0.5153247851,C,7,0,5,12,0,2,0,2
18,D,critical,0.662024699,B,7,0,5,13,0,3,0,3
19,C,inferential,0.7254680353,D,7,0,5,14,0,4,0,4
0,D,literal,0,D,8,1,0,0,0,0,0,0
1,B,inferential,0.2796508158,B,8,1,1,0,0,0,0,0
2,B,inferential,0.4901752136,B,8,1,2,0,1,0,0,0
3,A,inferential,0.3040887644,C,8,0,2,1,1,1,0,0
4,A,inferential,0.3160402773,A,8,1,3,1,2,1,0,0
5,A,inferential,0.4830983286,A,8,1,4,1,3,1,0,0
6,B,literal,0.1370567028,B,8,1,5,1,4,1,0,0
7,D,critical,0.4742685156,D,8,1,6,1,0,0,0,0
8,C,inferential,0.5231932545,B,8,0,6,2,0,1,0,1
9,B,literal,0.06470921989,A,8,0,6,3,0,2,0,0
10,A,literal,0.06470921989,C,8,0,6,4,0,0,0,0
11,B,critical,0.6044730745,C,8,0,6,5,0,0,0,0
12,C,inferential,0.5759683477,D,8,0,6,6,0,1,0,1
13,B,literal,0.6585900523,A,8,0,6,7,0,2,0,0
14,B,literal,0.6585900523,B,8,1,7,7,0,0,0,0
15,B,critical,1,B,8,1,8,7,0,0,0,0
16,D,critical,0.5400272658,C,8,0,8,8,0,1,0,1
17,C,critical,0.5153247851,C,8,1,9,8,1,1,1,1
18,C,critical,0.662024699,B,8,0,9,9,1,2,1,2
19,D,inferential,0.7254680353,D,8,1,10,9,2,2,2,2
0,D,literal,0,D,9,1,0,0,0,0,0,0
1,B,inferential,0.2796508158,B,9,1,1,0,0,0,0,0
2,C,inferential,0.4901752136,B,9,0,1,1,0,1,0,0
3,B,inferential,0.3040887644,C,9,0,1,2,0,2,0,0
4,A,inferential,0.3160402773,A,9,1,2,2,1,2,0,0
5,A,inferential,0.4830983286,A,9,1,3,2,2,2,0,0
6,B,literal,0.1370567028,B,9,1,4,2,3,2,0,0
7,B,critical,0.4742685156,D,9,0,4,3,0,0,0,0
8,D,inferential,0.5231932545,B,9,0,4,4,0,1,0,1
9,C,literal,0.06470921989,A,9,0,4,5,0,2,0,0
10,A,literal,0.06470921989,C,9,0,4,6,0,0,0,0
11,A,critical,0.6044730745,C,9,0,4,7,0,0,0,0
12,A,inferential,0.5759683477,D,9,0,4,8,0,1,0,1
13,B,literal,0.6585900523,A,9,0,4,9,0,2,0,0
14,B,literal,0.6585900523,B,9,1,5,9,0,0,0,0
15,C,critical,1,B,9,0,5,10,0,0,0,0
16,D,critical,0.5400272658,C,9,0,5,11,0,1,0,1
17,B,critical,0.5153247851,C,9,0,5,12,0,2,0,2
18,D,critical,0.662024699,B,9,0,5,13,0,3,0,3
19,D,inferential,0.7254680353,D,9,1,6,13,1,3,1,3
0,D,literal,0,D,10,1,0,0,0,0,0,0
1,B,inferential,0.2796508158,B,10,1,1,0,0,0,0,0
2,C,inferential,0.4901752136,B,10,0,1,1,0,1,0,0
3,A,inferential,0.3040887644,C,10,0,1,2,0,2,0,0
4,C,inferential,0.3160402773,A,10,0,1,3,0,3,0,0
5,A,inferential,0.4830983286,A,10,1,2,3,1,3,0,0
6,B,literal,0.1370567028,B,10,1,3,3,2,3,0,0
7,D,critical,0.4742685156,D,10,1,4,3,0,0,0,0
8,C,inferential,0.5231932545,B,10,0,4,4,0,1,0,1
9,C,literal,0.06470921989,A,10,0,4,5,0,2,0,0
10,A,literal,0.06470921989,C,10,0,4,6,0,0,0,0
11,A,critical,0.6044730745,C,10,0,4,7,0,0,0,0
12,A,inferential,0.5759683477,D,10,0,4,8,0,1,0,1
13,A,literal,0.6585900523,A,10,1,5,8,1,1,0,0
14,C,literal,0.6585900523,B,10,0,5,9,0,0,0,0
15,A,critical,1,B,10,0,5,10,0,0,0,0
16,B,critical,0.5400272658,C,10,0,5,11,0,1,0,1
17,D,critical,0.5153247851,C,10,0,5,12,0,2,0,2
18,D,critical,0.662024699,B,10,0,5,13,0,3,0,3
19,C,inferential,0.7254680353,D,10,0,5,14,0,4,0,4
0,D,literal,0,D,11,1,0,0,0,0,0,0
1,C,inferential,0.2796508158,B,11,0,0,1,0,0,0,0
2,B,inferential,0.4901752136,B,11,1,1,1,1,0,0,0
3,A,inferential,0.3040887644,C,11,0,1,2,1,1,0,0
4,C,inferential,0.3160402773,A,11,0,1,3,1,2,0,0
5,A,inferential,0.4830983286,A,11,1,2,3,2,2,0,0
6,B,literal,0.1370567028,B,11,1,3,3,3,2,0,0
7,B,critical,0.4742685156,D,11,0,3,4,0,0,0,0
8,B,inferential,0.5231932545,B,11,1,4,4,1,0,1,0
9,C,literal,0.06470921989,A,11,0,4,5,1,1,0,0
10,C,literal,0.06470921989,C,11,1,5,5,0,0,0,0
11,B,critical,0.6044730745,C,11,0,5,6,0,0,0,0
12,A,inferential,0.5759683477,D,11,0,5,7,0,1,0,1
13,C,literal,0.6585900523,A,11,0,5,8,0,2,0,0
14,D,literal,0.6585900523,B,11,0,5,9,0,0,0,0
15,D,critical,1,B,11,0,5,10,0,0,0,0
16,B,critical,0.5400272658,C,11,0,5,11,0,1,0,1
17,B,critical,0.5153247851,C,11,0,5,12,0,2,0,2
18,C,critical,0.662024699,B,11,0,5,13,0,3,0,3
19,A,inferential,0.7254680353,D,11,0,5,14,0,4,0,4
0,C,literal,0,D,12,0,0,0,0,0,0,0
1,B,inferential,0.2796508158,B,12,1,1,0,0,0,0,0
2,D,inferential,0.4901752136,B,12,0,1,1,0,1,0,0
3,C,inferential,0.3040887644,C,12,1,2,1,1,1,0,0
4,A,inferential,0.3160402773,A,12,1,3,1,2,1,0,0
5,B,inferential,0.4830983286,A,12,0,3,2,2,2,0,0
6,A,literal,0.1370567028,B,12,0,3,3,2,3,0,0
7,B,critical,0.4742685156,D,12,0,3,4,0,0,0,0
8,B,inferential,0.5231932545,B,12,1,4,4,1,0,1,0
9,A,literal,0.06470921989,A,12,1,5,4,2,0,0,0
10,B,literal,0.06470921989,C,12,0,5,5,0,0,0,0
11,A,critical,0.6044730745,C,12,0,5,6,0,0,0,0
12,D,inferential,0.5759683477,D,12,1,6,6,1,0,1,0
13,B,literal,0.6585900523,A,12,0,6,7,1,1,0,0
14,A,literal,0.6585900523,B,12,0,6,8,0,0,0,0
15,C,critical,1,B,12,0,6,9,0,0,0,0
16,D,critical,0.5400272658,C,12,0,6,10,0,1,0,1
17,B,critical,0.5153247851,C,12,0,6,11,0,2,0,2
18,A,critical,0.662024699,B,12,0,6,12,0,3,0,3
19,B,inferential,0.7254680353,D,12,0,6,13,0,4,0,4
0,D,literal,0,D,13,1,0,0,0,0,0,0
1,A,inferential,0.2796508158,B,13,0,0,1,0,0,0,0
2,B,inferential,0.4901752136,B,13,1,1,1,1,0,0,0
3,D,inferential,0.3040887644,C,13,0,1,2,1,1,0,0
4,A,inferential,0.3160402773,A,13,1,2,2,2,1,0,0
5,A,inferential,0.4830983286,A,13,1,3,2,3,1,0,0
6,B,literal,0.1370567028,B,13,1,4,2,4,1,0,0
7,B,critical,0.4742685156,D,13,0,4,3,0,0,0,0
8,B,inferential,0.5231932545,B,13,1,5,3,1,0,1,0
9,C,literal,0.06470921989,A,13,0,5,4,1,1,0,0
10,A,literal,0.06470921989,C,13,0,5,5,0,0,0,0
11,C,critical,0.6044730745,C,13,1,6,5,0,0,0,0
12,D,inferential,0.5759683477,D,13,1,7,5,1,0,1,0
13,B,literal,0.6585900523,A,13,0,7,6,1,1,0,0
14,B,literal,0.6585900523,B,13,1,8,6,0,0,0,0
15,B,critical,1,B,13,1,9,6,0,0,0,0
16,D,critical,0.5400272658,C,13,0,9,7,0,1,0,1
17,B,critical,0.5153247851,C,13,0,9,8,0,2,0,2
18,A,critical,0.662024699,B,13,0,9,9,0,3,0,3
19,A,inferential,0.7254680353,D,13,0,9,10,0,4,0,4
0,C,literal,0,D,14,0,0,0,0,0,0,0
1,D,inferential,0.2796508158,B,14,0,0,1,0,0,0,0
2,C,inferential,0.4901752136,B,14,0,0,2,0,1,0,0
3,C,inferential,0.3040887644,C,14,1,1,2,1,1,0,0
4,A,inferential,0.3160402773,A,14,1,2,2,2,1,0,0
5,B,inferential,0.4830983286,A,14,0,2,3,2,2,0,0
6,C,literal,0.1370567028,B,14,0,2,4,2,3,0,0
7,B,critical,0.4742685156,D,14,0,2,5,0,0,0,0
8,A,inferential,0.5231932545,B,14,0,2,6,0,1,0,1
9,C,literal,0.06470921989,A,14,0,2,7,0,2,0,0
10,C,literal,0.06470921989,C,14,1,3,7,0,0,0,0
11,A,critical,0.6044730745,C,14,0,3,8,0,0,0,0
12,A,inferential,0.5759683477,D,14,0,3,9,0,1,0,1
13,B,literal,0.6585900523,A,14,0,3,10,0,2,0,0
14,B,literal,0.6585900523,B,14,1,4,10,0,0,0,0
15,C,critical,1,B,14,0,4,11,0,0,0,0
16,D,critical,0.5400272658,C,14,0,4,12,0,1,0,1
17,B,critical,0.5153247851,C,14,0,4,13,0,2,0,2
18,D,critical,0.662024699,B,14,0,4,14,0,3,0,3
19,D,inferential,0.7254680353,D,14,1,5,14,1,3,1,3
0,D,literal,0,D,15,1,0,0,0,0,0,0
1,B,inferential,0.2796508158,B,15,1,1,0,0,0,0,0
2,B,inferential,0.4901752136,B,15,1,2,0,1,0,0,0
3,A,inferential,0.3040887644,C,15,0,2,1,1,1,0,0
4,C,inferential,0.3160402773,A,15,0,2,2,1,2,0,0
5,B,inferential,0.4830983286,A,15,0,2,3,1,3,0,0
6,B,literal,0.1370567028,B,15,1,3,3,2,3,0,0
7,B,critical,0.4742685156,D,15,0,3,4,0,0,0,0
8,A,inferential,0.5231932545,B,15,0,3,5,0,1,0,1
9,A,literal,0.06470921989,A,15,1,4,5,1,1,0,0
10,D,literal,0.06470921989,C,15,0,4,6,0,0,0,0
11,C,critical,0.6044730745,C,15,1,5,6,0,0,0,0
12,D,inferential,0.5759683477,D,15,1,6,6,1,0,1,0
13,A,literal,0.6585900523,A,15,1,7,6,2,0,0,0
14,B,literal,0.6585900523,B,15,1,8,6,0,0,0,0
15,A,critical,1,B,15,0,8,7,0,0,0,0
16,D,critical,0.5400272658,C,15,0,8,8,0,1,0,1
17,A,critical,0.5153247851,C,15,0,8,9,0,2,0,2
18,D,critical,0.662024699,B,15,0,8,10,0,3,0,3
19,D,inferential,0.7254680353,D,15,1,9,10,1,3,1,3
0,D,literal,0,D,16,1,0,0,0,0,0,0
1,B,inferential,0.2796508158,B,16,1,1,0,0,0,0,0
2,D,inferential,0.4901752136,B,16,0,1,1,0,1,0,0
3,C,inferential,0.3040887644,C,16,1,2,1,1,1,0,0
4,A,inferential,0.3160402773,A,16,1,3,1,2,1,0,0
5,B,inferential,0.4830983286,A,16,0,3,2,2,2,0,0
6,B,literal,0.1370567028,B,16,1,4,2,3,2,0,0
7,B,critical,0.4742685156,D,16,0,4,3,0,0,0,0
8,A,inferential,0.5231932545,B,16,0,4,4,0,1,0,1
9,B,literal,0.06470921989,A,16,0,4,5,0,2,0,0
10,A,literal,0.06470921989,C,16,0,4,6,0,0,0,0
11,A,critical,0.6044730745,C,16,0,4,7,0,0,0,0
12,A,inferential,0.5759683477,D,16,0,4,8,0,1,0,1
13,A,literal,0.6585900523,A,16,1,5,8,1,1,0,0
14,A,literal,0.6585900523,B,16,0,5,9,0,0,0,0
15,B,critical,1,B,16,1,6,9,0,0,0,0
16,D,critical,0.5400272658,C,16,0,6,10,0,1,0,1
17,B,critical,0.5153247851,C,16,0,6,11,0,2,0,2
18,D,critical,0.662024699,B,16,0,6,12,0,3,0,3
19,D,inferential,0.7254680353,D,16,1,7,12,1,3,1,3
0,D,literal,0,D,17,1,0,0,0,0,0,0
1,B,inferential,0.2796508158,B,17,1,1,0,0,0,0,0
2,B,inferential,0.4901752136,B,17,1,2,0,1,0,0,0
3,C,inferential,0.3040887644,C,17,1,3,0,2,0,0,0
4,A,inferential,0.3160402773,A,17,1,4,0,3,0,0,0
5,B,inferential,0.4830983286,A,17,0,4,1,3,1,0,0
6,B,literal,0.1370567028,B,17,1,5,1,4,1,0,0
7,A,critical,0.4742685156,D,17,0,5,2,0,0,0,0
8,C,inferential,0.5231932545,B,17,0,5,3,0,1,0,1
9,B,literal,0.06470921989,A,17,0,5,4,0,2,0,0
10,C,literal,0.06470921989,C,17,1,6,4,0,0,0,0
11,B,critical,0.6044730745,C,17,0,6,5,0,0,0,0
12,A,inferential,0.5759683477,D,17,0,6,6,0,1,0,1
13,C,literal,0.6585900523,A,17,0,6,7,0,2,0,0
14,D,literal,0.6585900523,B,17,0,6,8,0,0,0,0
15,D,critical,1,B,17,0,6,9,0,0,0,0
16,D,critical,0.5400272658,C,17,0,6,10,0,1,0,1
17,B,critical,0.5153247851,C,17,0,6,11,0,2,0,2
18,C,critical,0.662024699,B,17,0,6,12,0,3,0,3
19,A,inferential,0.7254680353,D,17,0,6,13,0,4,0,4
0,A,literal,0,D,18,0,0,0,0,0,0,0
1,B,inferential,0.2796508158,B,18,1,1,0,0,0,0,0
2,B,inferential,0.4901752136,B,18,1,2,0,1,0,0,0
3,C,inferential,0.3040887644,C,18,1,3,0,2,0,0,0
4,B,inferential,0.3160402773,A,18,0,3,1,2,1,0,0
5,A,inferential,0.4830983286,A,18,1,4,1,3,1,0,0
6,B,literal,0.1370567028,B,18,1,5,1,4,1,0,0
7,B,critical,0.4742685156,D,18,0,5,2,0,0,0,0
8,A,inferential,0.5231932545,B,18,0,5,3,0,1,0,1
9,D,literal,0.06470921989,A,18,0,5,4,0,2,0,0
10,B,literal,0.06470921989,C,18,0,5,5,0,0,0,0
11,A,critical,0.6044730745,C,18,0,5,6,0,0,0,0
12,A,inferential,0.5759683477,D,18,0,5,7,0,1,0,1
13,A,literal,0.6585900523,A,18,1,6,7,1,1,0,0
14,A,literal,0.6585900523,B,18,0,6,8,0,0,0,0
15,B,critical,1,B,18,1,7,8,0,0,0,0
16,D,critical,0.5400272658,C,18,0,7,9,0,1,0,1
17,B,critical,0.5153247851,C,18,0,7,10,0,2,0,2
18,B,critical,0.662024699,B,18,1,8,10,1,2,1,2
19,B,inferential,0.7254680353,D,18,0,8,11,1,3,1,3
0,D,literal,0,D,19,1,0,0,0,0,0,0
1,D,inferential,0.2796508158,B,19,0,0,1,0,0,0,0
2,C,inferential,0.4901752136,B,19,0,0,2,0,1,0,0
3,A,inferential,0.3040887644,C,19,0,0,3,0,2,0,0
4,B,inferential,0.3160402773,A,19,0,0,4,0,3,0,0
5,A,inferential,0.4830983286,A,19,1,1,4,1,3,0,0
6,B,literal,0.1370567028,B,19,1,2,4,2,3,0,0
7,A,critical,0.4742685156,D,19,0,2,5,0,0,0,0
8,A,inferential,0.5231932545,B,19,0,2,6,0,1,0,1
9,D,literal,0.06470921989,A,19,0,2,7,0,2,0,0
10,C,literal,0.06470921989,C,19,1,3,7,0,0,0,0
11,B,critical,0.6044730745,C,19,0,3,8,0,0,0,0
12,A,inferential,0.5759683477,D,19,0,3,9,0,1,0,1
13,B,literal,0.6585900523,A,19,0,3,10,0,2,0,0
14,A,literal,0.6585900523,B,19,0,3,11,0,0,0,0
15,A,critical,1,B,19,0,3,12,0,0,0,0
16,A,critical,0.5400272658,C,19,0,3,13,0,1,0,1
17,A,critical,0.5153247851,C,19,0,3,14,0,2,0,2
18,D,critical,0.662024699,B,19,0,3,15,0,3,0,3
19,D,inferential,0.7254680353,D,19,1,4,15,1,3,1,3
0,D,literal,0,D,20,1,0,0,0,0,0,0
1,B,inferential,0.2796508158,B,20,1,1,0,0,0,0,0
2,B,inferential,0.4901752136,B,20,1,2,0,1,0,0,0
3,A,inferential,0.3040887644,C,20,0,2,1,1,1,0,0
4,A,inferential,0.3160402773,A,20,1,3,1,2,1,0,0
5,A,inferential,0.4830983286,A,20,1,4,1,3,1,0,0
6,C,literal,0.1370567028,B,20,0,4,2,3,2,0,0
7,B,critical,0.4742685156,D,20,0,4,3,0,0,0,0
8,A,inferential,0.5231932545,B,20,0,4,4,0,1,0,1
9,C,literal,0.06470921989,A,20,0,4,5,0,2,0,0
10,D,literal,0.06470921989,C,20,0,4,6,0,0,0,0
11,A,critical,0.6044730745,C,20,0,4,7,0,0,0,0
12,A,inferential,0.5759683477,D,20,0,4,8,0,1,0,1
13,B,literal,0.6585900523,A,20,0,4,9,0,2,0,0
14,A,literal,0.6585900523,B,20,0,4,10,0,0,0,0
15,A,critical,1,B,20,0,4,11,0,0,0,0
16,C,critical,0.5400272658,C,20,1,5,11,1,0,1,0
17,C,critical,0.5153247851,C,20,1,6,11,2,0,2,0
18,D,critical,0.662024699,B,20,0,6,12,2,1,2,1
19,B,inferential,0.7254680353,D,20,0,6,13,2,2,2,2
0,D,literal,0,D,21,1,0,0,0,0,0,0
1,A,inferential,0.2796508158,B,21,0,0,1,0,0,0,0
2,B,inferential,0.4901752136,B,21,1,1,1,1,0,0,0
3,C,inferential,0.3040887644,C,21,1,2,1,2,0,0,0
4,A,inferential,0.3160402773,A,21,1,3,1,3,0,0,0
5,B,inferential,0.4830983286,A,21,0,3,2,3,1,0,0
6,B,literal,0.1370567028,B,21,1,4,2,4,1,0,0
7,A,critical,0.4742685156,D,21,0,4,3,0,0,0,0
8,C,inferential,0.5231932545,B,21,0,4,4,0,1,0,1
9,D,literal,0.06470921989,A,21,0,4,5,0,2,0,0
10,A,literal,0.06470921989,C,21,0,4,6,0,0,0,0
11,A,critical,0.6044730745,C,21,0,4,7,0,0,0,0
12,A,inferential,0.5759683477,D,21,0,4,8,0,1,0,1
13,A,literal,0.6585900523,A,21,1,5,8,1,1,0,0
14,B,literal,0.6585900523,B,21,1,6,8,0,0,0,0
15,A,critical,1,B,21,0,6,9,0,0,0,0
16,D,critical,0.5400272658,C,21,0,6,10,0,1,0,1
17,C,critical,0.5153247851,C,21,1,7,10,1,1,1,1
18,C,critical,0.662024699,B,21,0,7,11,1,2,1,2
19,B,inferential,0.7254680353,D,21,0,7,12,1,3,1,3
0,D,literal,0,D,22,1,0,0,0,0,0,0
1,B,inferential,0.2796508158,B,22,1,1,0,0,0,0,0
2,A,inferential,0.4901752136,B,22,0,1,1,0,1,0,0
3,A,inferential,0.3040887644,C,22,0,1,2,0,2,0,0
4,A,inferential,0.3160402773,A,22,1,2,2,1,2,0,0
5,B,inferential,0.4830983286,A,22,0,2,3,1,3,0,0
6,B,literal,0.1370567028,B,22,1,3,3,2,3,0,0
7,B,critical,0.4742685156,D,22,0,3,4,0,0,0,0
8,C,inferential,0.5231932545,B,22,0,3,5,0,1,0,1
9,D,literal,0.06470921989,A,22,0,3,6,0,2,0,0
10,A,literal,0.06470921989,C,22,0,3,7,0,0,0,0
11,A,critical,0.6044730745,C,22,0,3,8,0,0,0,0
12,B,inferential,0.5759683477,D,22,0,3,9,0,1,0,1
13,C,literal,0.6585900523,A,22,0,3,10,0,2,0,0
14,A,literal,0.6585900523,B,22,0,3,11,0,0,0,0
15,A,critical,1,B,22,0,3,12,0,0,0,0
16,D,critical,0.5400272658,C,22,0,3,13,0,1,0,1
17,C,critical,0.5153247851,C,22,1,4,13,1,1,1,1
18,A,critical,0.662024699,B,22,0,4,14,1,2,1,2
19,B,inferential,0.7254680353,D,22,0,4,15,1,3,1,3
0,C,literal,0,D,23,0,0,0,0,0,0,0
1,D,inferential,0.2796508158,B,23,0,0,1,0,0,0,0
2,D,inferential,0.4901752136,B,23,0,0,2,0,1,0,0
3,A,inferential,0.3040887644,C,23,0,0,3,0,2,0,0
4,C,inferential,0.3160402773,A,23,0,0,4,0,3,0,0
5,D,inferential,0.4830983286,A,23,0,0,5,0,4,0,0
6,B,literal,0.1370567028,B,23,1,1,5,1,4,0,0
7,A,critical,0.4742685156,D,23,0,1,6,0,0,0,0
8,B,inferential,0.5231932545,B,23,1,2,6,1,0,1,0
9,C,literal,0.06470921989,A,23,0,2,7,1,1,0,0
10,A,literal,0.06470921989,C,23,0,2,8,0,0,0,0
11,C,critical,0.6044730745,C,23,1,3,8,0,0,0,0
12,B,inferential,0.5759683477,D,23,0,3,9,0,1,0,1
13,B,literal,0.6585900523,A,23,0,3,10,0,2,0,0
14,D,literal,0.6585900523,B,23,0,3,11,0,0,0,0
15,A,critical,1,B,23,0,3,12,0,0,0,0
16,B,critical,0.5400272658,C,23,0,3,13,0,1,0,1
17,B,critical,0.5153247851,C,23,0,3,14,0,2,0,2
18,C,critical,0.662024699,B,23,0,3,15,0,3,0,3
19,C,inferential,0.7254680353,D,23,0,3,16,0,4,0,4
0,A,literal,0,D,24,0,0,0,0,0,0,0
1,B,inferential,0.2796508158,B,24,1,1,0,0,0,0,0
2,B,inferential,0.4901752136,B,24,1,2,0,1,0,0,0
3,C,inferential,0.3040887644,C,24,1,3,0,2,0,0,0
4,B,inferential,0.3160402773,A,24,0,3,1,2,1,0,0
5,C,inferential,0.4830983286,A,24,0,3,2,2,2,0,0
6,B,literal,0.1370567028,B,24,1,4,2,3,2,0,0
7,A,critical,0.4742685156,D,24,0,4,3,0,0,0,0
8,C,inferential,0.5231932545,B,24,0,4,4,0,1,0,1
9,A,literal,0.06470921989,A,24,1,5,4,1,1,0,0
10,A,literal,0.06470921989,C,24,0,5,5,0,0,0,0
11,B,critical,0.6044730745,C,24,0,5,6,0,0,0,0
12,C,inferential,0.5759683477,D,24,0,5,7,0,1,0,1
13,B,literal,0.6585900523,A,24,0,5,8,0,2,0,0
14,C,literal,0.6585900523,B,24,0,5,9,0,0,0,0
15,A,critical,1,B,24,0,5,10,0,0,0,0
16,C,critical,0.5400272658,C,24,1,6,10,1,0,1,0
17,B,critical,0.5153247851,C,24,0,6,11,1,1,1,1
18,B,critical,0.662024699,B,24,1,7,11,2,1,2,1
19,B,inferential,0.7254680353,D,24,0,7,12,2,2,2,2
0,D,literal,0,D,25,1,0,0,0,0,0,0
1,A,inferential,0.2796508158,B,25,0,0,1,0,0,0,0
2,B,inferential,0.4901752136,B,25,1,1,1,1,0,0,0
3,C,inferential,0.3040887644,C,25,1,2,1,2,0,0,0
4,C,inferential,0.3160402773,A,25,0,2,2,2,1,0,0
5,A,inferential,0.4830983286,A,25,1,3,2,3,1,0,0
6,A,literal,0.1370567028,B,25,0,3,3,3,2,0,0
7,A,critical,0.4742685156,D,25,0,3,4,0,0,0,0
8,C,inferential,0.5231932545,B,25,0,3,5,0,1,0,1
9,B,literal,0.06470921989,A,25,0,3,6,0,2,0,0
10,A,literal,0.06470921989,C,25,0,3,7,0,0,0,0
11,D,critical,0.6044730745,C,25,0,3,8,0,0,0,0
12,A,inferential,0.5759683477,D,25,0,3,9,0,1,0,1
13,C,literal,0.6585900523,A,25,0,3,10,0,2,0,0
14,B,literal,0.6585900523,B,25,1,4,10,0,0,0,0
15,D,critical,1,B,25,0,4,11,0,0,0,0
16,D,critical,0.5400272658,C,25,0,4,12,0,1,0,1
17,A,critical,0.5153247851,C,25,0,4,13,0,2,0,2
18,C,critical,0.662024699,B,25,0,4,14,0,3,0,3
19,A,inferential,0.7254680353,D,25,0,4,15,0,4,0,4
0,B,literal,0,D,26,0,0,0,0,0,0,0
1,D,inferential,0.2796508158,B,26,0,0,1,0,0,0,0
2,A,inferential,0.4901752136,B,26,0,0,2,0,1,0,0
3,C,inferential,0.3040887644,C,26,1,1,2,1,1,0,0
4,B,inferential,0.3160402773,A,26,0,1,3,1,2,0,0
5,A,inferential,0.4830983286,A,26,1,2,3,2,2,0,0
6,D,literal,0.1370567028,B,26,0,2,4,2,3,0,0
7,D,critical,0.4742685156,D,26,1,3,4,0,0,0,0
8,C,inferential,0.5231932545,B,26,0,3,5,0,1,0,1
9,C,literal,0.06470921989,A,26,0,3,6,0,2,0,0
10,D,literal,0.06470921989,C,26,0,3,7,0,0,0,0
11,A,critical,0.6044730745,C,26,0,3,8,0,0,0,0
12,B,inferential,0.5759683477,D,26,0,3,9,0,1,0,1
13,D,literal,0.6585900523,A,26,0,3,10,0,2,0,0
14,B,literal,0.6585900523,B,26,1,4,10,0,0,0,0
15,B,critical,1,B,26,1,5,10,0,0,0,0
16,A,critical,0.5400272658,C,26,0,5,11,0,1,0,1
17,A,critical,0.5153247851,C,26,0,5,12,0,2,0,2
18,D,critical,0.662024699,B,26,0,5,13,0,3,0,3
19,C,inferential,0.7254680353,D,26,0,5,14,0,4,0,4
0,D,literal,0,D,27,1,0,0,0,0,0,0
1,B,inferential,0.2796508158,B,27,1,1,0,0,0,0,0
2,A,inferential,0.4901752136,B,27,0,1,1,0,1,0,0
3,C,inferential,0.3040887644,C,27,1,2,1,1,1,0,0
4,A,inferential,0.3160402773,A,27,1,3,1,2,1,0,0
5,B,inferential,0.4830983286,A,27,0,3,2,2,2,0,0
6,B,literal,0.1370567028,B,27,1,4,2,3,2,0,0
7,B,critical,0.4742685156,D,27,0,4,3,0,0,0,0
8,B,inferential,0.5231932545,B,27,1,5,3,1,0,1,0
9,C,literal,0.06470921989,A,27,0,5,4,1,1,0,0
10,B,literal,0.06470921989,C,27,0,5,5,0,0,0,0
11,B,critical,0.6044730745,C,27,0,5,6,0,0,0,0
12,A,inferential,0.5759683477,D,27,0,5,7,0,1,0,1
13,A,literal,0.6585900523,A,27,1,6,7,1,1,0,0
14,B,literal,0.6585900523,B,27,1,7,7,0,0,0,0
15,B,critical,1,B,27,1,8,7,0,0,0,0
16,A,critical,0.5400272658,C,27,0,8,8,0,1,0,1
17,A,critical,0.5153247851,C,27,0,8,9,0,2,0,2
18,B,critical,0.662024699,B,27,1,9,9,1,2,1,2
19,D,inferential,0.7254680353,D,27,1,10,9,2,2,2,2
0,C,literal,0,D,28,0,0,0,0,0,0,0
1,B,inferential,0.2796508158,B,28,1,1,0,0,0,0,0
2,C,inferential,0.4901752136,B,28,0,1,1,0,1,0,0
3,A,inferential,0.3040887644,C,28,0,1,2,0,2,0,0
4,B,inferential,0.3160402773,A,28,0,1,3,0,3,0,0
5,D,inferential,0.4830983286,A,28,0,1,4,0,4,0,0
6,B,literal,0.1370567028,B,28,1,2,4,1,4,0,0
7,B,critical,0.4742685156,D,28,0,2,5,0,0,0,0
8,A,inferential,0.5231932545,B,28,0,2,6,0,1,0,1
9,C,literal,0.06470921989,A,28,0,2,7,0,2,0,0
10,A,literal,0.06470921989,C,28,0,2,8,0,0,0,0
11,D,critical,0.6044730745,C,28,0,2,9,0,0,0,0
12,D,inferential,0.5759683477,D,28,1,3,9,1,0,1,0
13,B,literal,0.6585900523,A,28,0,3,10,1,1,0,0
14,C,literal,0.6585900523,B,28,0,3,11,0,0,0,0
15,A,critical,1,B,28,0,3,12,0,0,0,0
16,C,critical,0.5400272658,C,28,1,4,12,1,0,1,0
17,D,critical,0.5153247851,C,28,0,4,13,1,1,1,1
18,B,critical,0.662024699,B,28,1,5,13,2,1,2,1
19,A,inferential,0.7254680353,D,28,0,5,14,2,2,2,2
0,D,literal,0,D,29,1,0,0,0,0,0,0
1,B,inferential,0.2796508158,B,29,1,1,0,0,0,0,0
2,B,inferential,0.4901752136,B,29,1,2,0,1,0,0,0
3,C,inferential,0.3040887644,C,29,1,3,0,2,0,0,0
4,A,inferential,0.3160402773,A,29,1,4,0,3,0,0,0
5,B,inferential,0.4830983286,A,29,0,4,1,3,1,0,0
6,B,literal,0.1370567028,B,29,1,5,1,4,1,0,0
7,B,critical,0.4742685156,D,29,0,5,2,0,0,0,0
8,D,inferential,0.5231932545,B,29,0,5,3,0,1,0,1
9,A,literal,0.06470921989,A,29,1,6,3,1,1,0,0
10,A,literal,0.06470921989,C,29,0,6,4,0,0,0,0
11,A,critical,0.6044730745,C,29,0,6,5,0,0,0,0
12,D,inferential,0.5759683477,D,29,1,7,5,1,0,1,0
13,A,literal,0.6585900523,A,29,1,8,5,2,0,0,0
14,A,literal,0.6585900523,B,29,0,8,6,0,0,0,0
15,C,critical,1,B,29,0,8,7,0,0,0,0
16,D,critical,0.5400272658,C,29,0,8,8,0,1,0,1
17,B,critical,0.5153247851,C,29,0,8,9,0,2,0,2
18,D,critical,0.662024699,B,29,0,8,10,0,3,0,3
19,B,inferential,0.7254680353,D,29,0,8,11,0,4,0,4
0,D,literal,0,D,30,1,0,0,0,0,0,0
1,A,inferential,0.2796508158,B,30,0,0,1,0,0,0,0
2,D,inferential,0.4901752136,B,30,0,0,2,0,1,0,0
3,C,inferential,0.3040887644,C,30,1,1,2,1,1,0,0
4,A,inferential,0.3160402773,A,30,1,2,2,2,1,0,0
5,D,inferential,0.4830983286,A,30,0,2,3,2,2,0,0
6,C,literal,0.1370567028,B,30,0,2,4,2,3,0,0
7,B,critical,0.4742685156,D,30,0,2,5,0,0,0,0
8,B,inferential,0.5231932545,B,30,1,3,5,1,0,1,0
9,B,literal,0.06470921989,A,30,0,3,6,1,1,0,0
10,A,literal,0.06470921989,C,30,0,3,7,0,0,0,0
11,A,critical,0.6044730745,C,30,0,3,8,0,0,0,0
12,D,inferential,0.5759683477,D,30,1,4,8,1,0,1,0
13,A,literal,0.6585900523,A,30,1,5,8,2,0,0,0
14,A,literal,0.6585900523,B,30,0,5,9,0,0,0,0
15,C,critical,1,B,30,0,5,10,0,0,0,0
16,D,critical,0.5400272658,C,30,0,5,11,0,1,0,1
17,B,critical,0.5153247851,C,30,0,5,12,0,2,0,2
18,D,critical,0.662024699,B,30,0,5,13,0,3,0,3
19,B,inferential,0.7254680353,D,30,0,5,14,0,4,0,4
0,D,literal,0,D,31,1,0,0,0,0,0,0
1,C,inferential,0.2796508158,B,31,0,0,1,0,0,0,0
2,D,inferential,0.4901752136,B,31,0,0,2,0,1,0,0
3,A,inferential,0.3040887644,C,31,0,0,3,0,2,0,0
4,A,inferential,0.3160402773,A,31,1,1,3,1,2,0,0
5,A,inferential,0.4830983286,A,31,1,2,3,2,2,0,0
6,B,literal,0.1370567028,B,31,1,3,3,3,2,0,0
7,D,critical,0.4742685156,D,31,1,4,3,0,0,0,0
8,D,inferential,0.5231932545,B,31,0,4,4,0,1,0,1
9,C,literal,0.06470921989,A,31,0,4,5,0,2,0,0
10,B,literal,0.06470921989,C,31,0,4,6,0,0,0,0
11,A,critical,0.6044730745,C,31,0,4,7,0,0,0,0
12,A,inferential,0.5759683477,D,31,0,4,8,0,1,0,1
13,B,literal,0.6585900523,A,31,0,4,9,0,2,0,0
14,A,literal,0.6585900523,B,31,0,4,10,0,0,0,0
15,D,critical,1,B,31,0,4,11,0,0,0,0
16,A,critical,0.5400272658,C,31,0,4,12,0,1,0,1
17,A,critical,0.5153247851,C,31,0,4,13,0,2,0,2
18,C,critical,0.662024699,B,31,0,4,14,0,3,0,3
19,D,inferential,0.7254680353,D,31,1,5,14,1,3,1,3
0,D,literal,0,D,32,1,0,0,0,0,0,0
1,A,inferential,0.2796508158,B,32,0,0,1,0,0,0,0
2,B,inferential,0.4901752136,B,32,1,1,1,1,0,0,0
3,B,inferential,0.3040887644,C,32,0,1,2,1,1,0,0
4,D,inferential,0.3160402773,A,32,0,1,3,1,2,0,0
5,A,inferential,0.4830983286,A,32,1,2,3,2,2,0,0
6,B,literal,0.1370567028,B,32,1,3,3,3,2,0,0
7,B,critical,0.4742685156,D,32,0,3,4,0,0,0,0
8,A,inferential,0.5231932545,B,32,0,3,5,0,1,0,1
9,C,literal,0.06470921989,A,32,0,3,6,0,2,0,0
10,A,literal,0.06470921989,C,32,0,3,7,0,0,0,0
11,A,critical,0.6044730745,C,32,0,3,8,0,0,0,0
12,D,inferential,0.5759683477,D,32,1,4,8,1,0,1,0
13,A,literal,0.6585900523,A,32,1,5,8,2,0,0,0
14,B,literal,0.6585900523,B,32,1,6,8,0,0,0,0
15,A,critical,1,B,32,0,6,9,0,0,0,0
16,D,critical,0.5400272658,C,32,0,6,10,0,1,0,1
17,A,critical,0.5153247851,C,32,0,6,11,0,2,0,2
18,D,critical,0.662024699,B,32,0,6,12,0,3,0,3
19,D,inferential,0.7254680353,D,32,1,7,12,1,3,1,3
0,C,literal,0,D,33,0,0,0,0,0,0,0
1,A,inferential,0.2796508158,B,33,0,0,1,0,0,0,0
2,A,inferential,0.4901752136,B,33,0,0,2,0,1,0,0
3,A,inferential,0.3040887644,C,33,0,0,3,0,2,0,0
4,A,inferential,0.3160402773,A,33,1,1,3,1,2,0,0
5,A,inferential,0.4830983286,A,33,1,2,3,2,2,0,0
6,B,literal,0.1370567028,B,33,1,3,3,3,2,0,0
7,C,critical,0.4742685156,D,33,0,3,4,0,0,0,0
8,C,inferential,0.5231932545,B,33,0,3,5,0,1,0,1
9,B,literal,0.06470921989,A,33,0,3,6,0,2,0,0
10,A,literal,0.06470921989,C,33,0,3,7,0,0,0,0
11,A,critical,0.6044730745,C,33,0,3,8,0,0,0,0
12,A,inferential,0.5759683477,D,33,0,3,9,0,1,0,1
13,B,literal,0.6585900523,A,33,0,3,10,0,2,0,0
14,C,literal,0.6585900523,B,33,0,3,11,0,0,0,0
15,A,critical,1,B,33,0,3,12,0,0,0,0
16,B,critical,0.5400272658,C,33,0,3,13,0,1,0,1
17,B,critical,0.5153247851,C,33,0,3,14,0,2,0,2
18,C,critical,0.662024699,B,33,0,3,15,0,3,0,3
19,C,inferential,0.7254680353,D,33,0,3,16,0,4,0,4
0,B,literal,0,D,34,0,0,0,0,0,0,0
1,B,inferential,0.2796508158,B,34,1,1,0,0,0,0,0
2,A,inferential,0.4901752136,B,34,0,1,1,0,1,0,0
3,C,inferential,0.3040887644,C,34,1,2,1,1,1,0,0
4,B,inferential,0.3160402773,A,34,0,2,2,1,2,0,0
5,D,inferential,0.4830983286,A,34,0,2,3,1,3,0,0
6,A,literal,0.1370567028,B,34,0,2,4,1,4,0,0
7,C,critical,0.4742685156,D,34,0,2,5,0,0,0,0
8,C,inferential,0.5231932545,B,34,0,2,6,0,1,0,1
9,C,literal,0.06470921989,A,34,0,2,7,0,2,0,0
10,D,literal,0.06470921989,C,34,0,2,8,0,0,0,0
11,A,critical,0.6044730745,C,34,0,2,9,0,0,0,0
12,B,inferential,0.5759683477,D,34,0,2,10,0,1,0,1
13,D,literal,0.6585900523,A,34,0,2,11,0,2,0,0
14,A,literal,0.6585900523,B,34,0,2,12,0,0,0,0
15,B,critical,1,B,34,1,3,12,0,0,0,0
16,A,critical,0.5400272658,C,34,0,3,13,0,1,0,1
17,B,critical,0.5153247851,C,34,0,3,14,0,2,0,2
18,A,critical,0.662024699,B,34,0,3,15,0,3,0,3
19,D,inferential,0.7254680353,D,34,1,4,15,1,3,1,3
0,A,literal,0,D,35,0,0,0,0,0,0,0
1,B,inferential,0.2796508158,B,35,1,1,0,0,0,0,0
2,B,inferential,0.4901752136,B,35,1,2,0,1,0,0,0
3,B,inferential,0.3040887644,C,35,0,2,1,1,1,0,0
4,B,inferential,0.3160402773,A,35,0,2,2,1,2,0,0
5,A,inferential,0.4830983286,A,35,1,3,2,2,2,0,0
6,B,literal,0.1370567028,B,35,1,4,2,3,2,0,0
7,D,critical,0.4742685156,D,35,1,5,2,0,0,0,0
8,A,inferential,0.5231932545,B,35,0,5,3,0,1,0,1
9,C,literal,0.06470921989,A,35,0,5,4,0,2,0,0
10,B,literal,0.06470921989,C,35,0,5,5,0,0,0,0
11,A,critical,0.6044730745,C,35,0,5,6,0,0,0,0
12,A,inferential,0.5759683477,D,35,0,5,7,0,1,0,1
13,B,literal,0.6585900523,A,35,0,5,8,0,2,0,0
14,C,literal,0.6585900523,B,35,0,5,9,0,0,0,0
15,A,critical,1,B,35,0,5,10,0,0,0,0
16,D,critical,0.5400272658,C,35,0,5,11,0,1,0,1
17,B,critical,0.5153247851,C,35,0,5,12,0,2,0,2
18,A,critical,0.662024699,B,35,0,5,13,0,3,0,3
19,B,inferential,0.7254680353,D,35,0,5,14,0,4,0,4
0,D,literal,0,D,36,1,0,0,0,0,0,0
1,C,inferential,0.2796508158,B,36,0,0,1,0,0,0,0
2,C,inferential,0.4901752136,B,36,0,0,2,0,1,0,0
3,D,inferential,0.3040887644,C,36,0,0,3,0,2,0,0
4,B,inferential,0.3160402773,A,36,0,0,4,0,3,0,0
5,D,inferential,0.4830983286,A,36,0,0,5,0,4,0,0
6,C,literal,0.1370567028,B,36,0,0,6,0,5,0,0
7,A,critical,0.4742685156,D,36,0,0,7,0,0,0,0
8,D,inferential,0.5231932545,B,36,0,0,8,0,1,0,1
9,A,literal,0.06470921989,A,36,1,1,8,1,1,0,0
10,C,literal,0.06470921989,C,36,1,2,8,0,0,0,0
11,A,critical,0.6044730745,C,36,0,2,9,0,0,0,0
12,A,inferential,0.5759683477,D,36,0,2,10,0,1,0,1
13,D,literal,0.6585900523,A,36,0,2,11,0,2,0,0
14,D,literal,0.6585900523,B,36,0,2,12,0,0,0,0
15,A,critical,1,B,36,0,2,13,0,0,0,0
16,C,critical,0.5400272658,C,36,1,3,13,1,0,1,0
17,D,critical,0.5153247851,C,36,0,3,14,1,1,1,1
18,A,critical,0.662024699,B,36,0,3,15,1,2,1,2
19,B,inferential,0.7254680353,D,36,0,3,16,1,3,1,3
0,D,literal,0,D,37,1,0,0,0,0,0,0
1,C,inferential,0.2796508158,B,37,0,0,1,0,0,0,0
2,C,inferential,0.4901752136,B,37,0,0,2,0,1,0,0
3,A,inferential,0.3040887644,C,37,0,0,3,0,2,0,0
4,B,inferential,0.3160402773,A,37,0,0,4,0,3,0,0
5,B,inferential,0.4830983286,A,37,0,0,5,0,4,0,0
6,D,literal,0.1370567028,B,37,0,0,6,0,5,0,0
7,A,critical,0.4742685156,D,37,0,0,7,0,0,0,0
8,A,inferential,0.5231932545,B,37,0,0,8,0,1,0,1
9,D,literal,0.06470921989,A,37,0,0,9,0,2,0,0
10,C,literal,0.06470921989,C,37,1,1,9,0,0,0,0
11,B,critical,0.6044730745,C,37,0,1,10,0,0,0,0
12,A,inferential,0.5759683477,D,37,0,1,11,0,1,0,1
13,B,literal,0.6585900523,A,37,0,1,12,0,2,0,0
14,A,literal,0.6585900523,B,37,0,1,13,0,0,0,0
15,A,critical,1,B,37,0,1,14,0,0,0,0
16,A,critical,0.5400272658,C,37,0,1,15,0,1,0,1
17,C,critical,0.5153247851,C,37,1,2,15,1,1,1,1
18,A,critical,0.662024699,B,37,0,2,16,1,2,1,2
19,D,inferential,0.7254680353,D,37,1,3,16,2,2,2,2
0,D,literal,0,D,38,1,0,0,0,0,0,0
1,C,inferential,0.2796508158,B,38,0,0,1,0,0,0,0
2,C,inferential,0.4901752136,B,38,0,0,2,0,1,0,0
3,A,inferential,0.3040887644,C,38,0,0,3,0,2,0,0
4,A,inferential,0.3160402773,A,38,1,1,3,1,2,0,0
5,A,inferential,0.4830983286,A,38,1,2,3,2,2,0,0
6,B,literal,0.1370567028,B,38,1,3,3,3,2,0,0
7,B,critical,0.4742685156,D,38,0,3,4,0,0,0,0
8,B,inferential,0.5231932545,B,38,1,4,4,1,0,1,0
9,C,literal,0.06470921989,A,38,0,4,5,1,1,0,0
10,B,literal,0.06470921989,C,38,0,4,6,0,0,0,0
11,A,critical,0.6044730745,C,38,0,4,7,0,0,0,0
12,B,inferential,0.5759683477,D,38,0,4,8,0,1,0,1
13,C,literal,0.6585900523,A,38,0,4,9,0,2,0,0
14,C,literal,0.6585900523,B,38,0,4,10,0,0,0,0
15,C,critical,1,B,38,0,4,11,0,0,0,0
16,A,critical,0.5400272658,C,38,0,4,12,0,1,0,1
17,C,critical,0.5153247851,C,38,1,5,12,1,1,1,1
18,D,critical,0.662024699,B,38,0,5,13,1,2,1,2
19,B,inferential,0.7254680353,D,38,0,5,14,1,3,1,3
0,B,literal,0,D,39,0,0,0,0,0,0,0
1,B,inferential,0.2796508158,B,39,1,1,0,0,0,0,0
2,D,inferential,0.4901752136,B,39,0,1,1,0,1,0,0
3,A,inferential,0.3040887644,C,39,0,1,2,0,2,0,0
4,A,inferential,0.3160402773,A,39,1,2,2,1,2,0,0
5,A,inferential,0.4830983286,A,39,1,3,2,2,2,0,0
6,B,literal,0.1370567028,B,39,1,4,2,3,2,0,0
7,D,critical,0.4742685156,D,39,1,5,2,0,0,0,0
8,B,inferential,0.5231932545,B,39,1,6,2,1,0,1,0
9,C,literal,0.06470921989,A,39,0,6,3,1,1,0,0
10,B,literal,0.06470921989,C,39,0,6,4,0,0,0,0
11,A,critical,0.6044730745,C,39,0,6,5,0,0,0,0
12,C,inferential,0.5759683477,D,39,0,6,6,0,1,0,1
13,D,literal,0.6585900523,A,39,0,6,7,0,2,0,0
14,C,literal,0.6585900523,B,39,0,6,8,0,0,0,0
15,A,critical,1,B,39,0,6,9,0,0,0,0
16,B,critical,0.5400272658,C,39,0,6,10,0,1,0,1
17,C,critical,0.5153247851,C,39,1,7,10,1,1,1,1
18,B,critical,0.662024699,B,39,1,8,10,2,1,2,1
19,D,inferential,0.7254680353,D,39,1,9,10,3,1,3,1
0,D,literal,0,D,40,1,0,0,0,0,0,0
1,B,inferential,0.2796508158,B,40,1,1,0,0,0,0,0
2,C,inferential,0.4901752136,B,40,0,1,1,0,1,0,0
3,C,inferential,0.3040887644,C,40,1,2,1,1,1,0,0
4,A,inferential,0.3160402773,A,40,1,3,1,2,1,0,0
5,A,inferential,0.4830983286,A,40,1,4,1,3,1,0,0
6,B,literal,0.1370567028,B,40,1,5,1,4,1,0,0
7,D,critical,0.4742685156,D,40,1,6,1,0,0,0,0
8,D,inferential,0.5231932545,B,40,0,6,2,0,1,0,1
9,C,literal,0.06470921989,A,40,0,6,3,0,2,0,0
10,A,literal,0.06470921989,C,40,0,6,4,0,0,0,0
11,C,critical,0.6044730745,C,40,1,7,4,0,0,0,0
12,A,inferential,0.5759683477,D,40,0,7,5,0,1,0,1
13,D,literal,0.6585900523,A,40,0,7,6,0,2,0,0
14,B,literal,0.6585900523,B,40,1,8,6,0,0,0,0
15,C,critical,1,B,40,0,8,7,0,0,0,0
16,A,critical,0.5400272658,C,40,0,8,8,0,1,0,1
17,D,critical,0.5153247851,C,40,0,8,9,0,2,0,2
18,B,critical,0.662024699,B,40,1,9,9,1,2,1,2
19,C,inferential,0.7254680353,D,40,0,9,10,1,3,1,3
0,D,literal,0,D,41,1,0,0,0,0,0,0
1,B,inferential,0.2796508158,B,41,1,1,0,0,0,0,0
2,D,inferential,0.4901752136,B,41,0,1,1,0,1,0,0
3,A,inferential,0.3040887644,C,41,0,1,2,0,2,0,0
4,A,inferential,0.3160402773,A,41,1,2,2,1,2,0,0
5,A,inferential,0.4830983286,A,41,1,3,2,2,2,0,0
6,C,literal,0.1370567028,B,41,0,3,3,2,3,0,0
7,B,critical,0.4742685156,D,41,0,3,4,0,0,0,0
8,D,inferential,0.5231932545,B,41,0,3,5,0,1,0,1
9,C,literal,0.06470921989,A,41,0,3,6,0,2,0,0
10,B,literal,0.06470921989,C,41,0,3,7,0,0,0,0
11,A,critical,0.6044730745,C,41,0,3,8,0,0,0,0
12,B,inferential,0.5759683477,D,41,0,3,9,0,1,0,1
13,A,literal,0.6585900523,A,41,1,4,9,1,1,0,0
14,D,literal,0.6585900523,B,41,0,4,10,0,0,0,0
15,A,critical,1,B,41,0,4,11,0,0,0,0
16,C,critical,0.5400272658,C,41,1,5,11,1,0,1,0
17,B,critical,0.5153247851,C,41,0,5,12,1,1,1,1
18,D,critical,0.662024699,B,41,0,5,13,1,2,1,2
19,A,inferential,0.7254680353,D,41,0,5,14,1,3,1,3
0,D,literal,0,D,42,1,0,0,0,0,0,0
1,B,inferential,0.2796508158,B,42,1,1,0,0,0,0,0
2,C,inferential,0.4901752136,B,42,0,1,1,0,1,0,0
3,A,inferential,0.3040887644,C,42,0,1,2,0,2,0,0
4,A,inferential,0.3160402773,A,42,1,2,2,1,2,0,0
5,A,inferential,0.4830983286,A,42,1,3,2,2,2,0,0
6,A,literal,0.1370567028,B,42,0,3,3,2,3,0,0
7,D,critical,0.4742685156,D,42,1,4,3,0,0,0,0
8,D,inferential,0.5231932545,B,42,0,4,4,0,1,0,1
9,C,literal,0.06470921989,A,42,0,4,5,0,2,0,0
10,D,literal,0.06470921989,C,42,0,4,6,0,0,0,0
11,A,critical,0.6044730745,C,42,0,4,7,0,0,0,0
12,B,inferential,0.5759683477,D,42,0,4,8,0,1,0,1
13,C,literal,0.6585900523,A,42,0,4,9,0,2,0,0
14,B,literal,0.6585900523,B,42,1,5,9,0,0,0,0
15,A,critical,1,B,42,0,5,10,0,0,0,0
16,A,critical,0.5400272658,C,42,0,5,11,0,1,0,1
17,C,critical,0.5153247851,C,42,1,6,11,1,1,1,1
18,B,critical,0.662024699,B,42,1,7,11,2,1,2,1
19,C,inferential,0.7254680353,D,42,0,7,12,2,2,2,2
0,C,literal,0,D,43,0,0,0,0,0,0,0
1,B,inferential,0.2796508158,B,43,1,1,0,0,0,0,0
2,C,inferential,0.4901752136,B,43,0,1,1,0,1,0,0
3,A,inferential,0.3040887644,C,43,0,1,2,0,2,0,0
4,B,inferential,0.3160402773,A,43,0,1,3,0,3,0,0
5,D,inferential,0.4830983286,A,43,0,1,4,0,4,0,0
6,B,literal,0.1370567028,B,43,1,2,4,1,4,0,0
7,B,critical,0.4742685156,D,43,0,2,5,0,0,0,0
8,A,inferential,0.5231932545,B,43,0,2,6,0,1,0,1
9,C,literal,0.06470921989,A,43,0,2,7,0,2,0,0
10,A,literal,0.06470921989,C,43,0,2,8,0,0,0,0
11,D,critical,0.6044730745,C,43,0,2,9,0,0,0,0
12,B,inferential,0.5759683477,D,43,0,2,10,0,1,0,1
13,D,literal,0.6585900523,A,43,0,2,11,0,2,0,0
14,B,literal,0.6585900523,B,43,1,3,11,0,0,0,0
15,A,critical,1,B,43,0,3,12,0,0,0,0
16,D,critical,0.5400272658,C,43,0,3,13,0,1,0,1
17,A,critical,0.5153247851,C,43,0,3,14,0,2,0,2
18,B,critical,0.662024699,B,43,1,4,14,1,2,1,2
19,D,inferential,0.7254680353,D,43,1,5,14,2,2,2,2
0,D,literal,0,D,44,1,0,0,0,0,0,0
1,C,inferential,0.2796508158,B,44,0,0,1,0,0,0,0
2,B,inferential,0.4901752136,B,44,1,1,1,1,0,0,0
3,A,inferential,0.3040887644,C,44,0,1,2,1,1,0,0
4,A,inferential,0.3160402773,A,44,1,2,2,2,1,0,0
5,B,inferential,0.4830983286,A,44,0,2,3,2,2,0,0
6,B,literal,0.1370567028,B,44,1,3,3,3,2,0,0
7,A,critical,0.4742685156,D,44,0,3,4,0,0,0,0
8,C,inferential,0.5231932545,B,44,0,3,5,0,1,0,1
9,B,literal,0.06470921989,A,44,0,3,6,0,2,0,0
10,A,literal,0.06470921989,C,44,0,3,7,0,0,0,0
11,B,critical,0.6044730745,C,44,0,3,8,0,0,0,0
12,D,inferential,0.5759683477,D,44,1,4,8,1,0,1,0
13,C,literal,0.6585900523,A,44,0,4,9,1,1,0,0
14,B,literal,0.6585900523,B,44,1,5,9,0,0,0,0
15,B,critical,1,B,44,1,6,9,0,0,0,0
16,D,critical,0.5400272658,C,44,0,6,10,0,1,0,1
17,B,critical,0.5153247851,C,44,0,6,11,0,2,0,2
18,C,critical,0.662024699,B,44,0,6,12,0,3,0,3
19,D,inferential,0.7254680353,D,44,1,7,12,1,3,1,3
0,D,literal,0,D,45,1,0,0,0,0,0,0
1,C,inferential,0.2796508158,B,45,0,0,1,0,0,0,0
2,D,inferential,0.4901752136,B,45,0,0,2,0,1,0,0
3,C,inferential,0.3040887644,C,45,1,1,2,1,1,0,0
4,A,inferential,0.3160402773,A,45,1,2,2,2,1,0,0
5,B,inferential,0.4830983286,A,45,0,2,3,2,2,0,0
6,B,literal,0.1370567028,B,45,1,3,3,3,2,0,0
7,B,critical,0.4742685156,D,45,0,3,4,0,0,0,0
8,A,inferential,0.5231932545,B,45,0,3,5,0,1,0,1
9,B,literal,0.06470921989,A,45,0,3,6,0,2,0,0
10,D,literal,0.06470921989,C,45,0,3,7,0,0,0,0
11,A,critical,0.6044730745,C,45,0,3,8,0,0,0,0
12,A,inferential,0.5759683477,D,45,0,3,9,0,1,0,1
13,C,literal,0.6585900523,A,45,0,3,10,0,2,0,0
14,A,literal,0.6585900523,B,45,0,3,11,0,0,0,0
15,A,critical,1,B,45,0,3,12,0,0,0,0
16,A,critical,0.5400272658,C,45,0,3,13,0,1,0,1
17,B,critical,0.5153247851,C,45,0,3,14,0,2,0,2
18,C,critical,0.662024699,B,45,0,3,15,0,3,0,3
19,D,inferential,0.7254680353,D,45,1,4,15,1,3,1,3
0,C,literal,0,D,46,0,0,0,0,0,0,0
1,A,inferential,0.2796508158,B,46,0,0,1,0,0,0,0
2,D,inferential,0.4901752136,B,46,0,0,2,0,1,0,0
3,A,inferential,0.3040887644,C,46,0,0,3,0,2,0,0
4,A,inferential,0.3160402773,A,46,1,1,3,1,2,0,0
5,C,inferential,0.4830983286,A,46,0,1,4,1,3,0,0
6,B,literal,0.1370567028,B,46,1,2,4,2,3,0,0
7,A,critical,0.4742685156,D,46,0,2,5,0,0,0,0
8,B,inferential,0.5231932545,B,46,1,3,5,1,0,1,0
9,C,literal,0.06470921989,A,46,0,3,6,1,1,0,0
10,B,literal,0.06470921989,C,46,0,3,7,0,0,0,0
11,B,critical,0.6044730745,C,46,0,3,8,0,0,0,0
12,A,inferential,0.5759683477,D,46,0,3,9,0,1,0,1
13,B,literal,0.6585900523,A,46,0,3,10,0,2,0,0
14,A,literal,0.6585900523,B,46,0,3,11,0,0,0,0
15,D,critical,1,B,46,0,3,12,0,0,0,0
16,D,critical,0.5400272658,C,46,0,3,13,0,1,0,1
17,B,critical,0.5153247851,C,46,0,3,14,0,2,0,2
18,D,critical,0.662024699,B,46,0,3,15,0,3,0,3
19,D,inferential,0.7254680353,D,46,1,4,15,1,3,1,3
0,D,literal,0,D,47,1,0,0,0,0,0,0
1,B,inferential,0.2796508158,B,47,1,1,0,0,0,0,0
2,B,inferential,0.4901752136,B,47,1,2,0,1,0,0,0
3,C,inferential,0.3040887644,C,47,1,3,0,2,0,0,0
4,A,inferential,0.3160402773,A,47,1,4,0,3,0,0,0
5,B,inferential,0.4830983286,A,47,0,4,1,3,1,0,0
6,B,literal,0.1370567028,B,47,1,5,1,4,1,0,0
7,D,critical,0.4742685156,D,47,1,6,1,0,0,0,0
8,C,inferential,0.5231932545,B,47,0,6,2,0,1,0,1
9,B,literal,0.06470921989,A,47,0,6,3,0,2,0,0
10,A,literal,0.06470921989,C,47,0,6,4,0,0,0,0
11,A,critical,0.6044730745,C,47,0,6,5,0,0,0,0
12,A,inferential,0.5759683477,D,47,0,6,6,0,1,0,1
13,C,literal,0.6585900523,A,47,0,6,7,0,2,0,0
14,B,literal,0.6585900523,B,47,1,7,7,0,0,0,0
15,A,critical,1,B,47,0,7,8,0,0,0,0
16,A,critical,0.5400272658,C,47,0,7,9,0,1,0,1
17,C,critical,0.5153247851,C,47,1,8,9,1,1,1,1
18,C,critical,0.662024699,B,47,0,8,10,1,2,1,2
19,D,inferential,0.7254680353,D,47,1,9,10,2,2,2,2
0,D,literal,0,D,48,1,0,0,0,0,0,0
1,B,inferential,0.2796508158,B,48,1,1,0,0,0,0,0
2,D,inferential,0.4901752136,B,48,0,1,1,0,1,0,0
3,A,inferential,0.3040887644,C,48,0,1,2,0,2,0,0
4,A,inferential,0.3160402773,A,48,1,2,2,1,2,0,0
5,A,inferential,0.4830983286,A,48,1,3,2,2,2,0,0
6,A,literal,0.1370567028,B,48,0,3,3,2,3,0,0
7,B,critical,0.4742685156,D,48,0,3,4,0,0,0,0
8,D,inferential,0.5231932545,B,48,0,3,5,0,1,0,1
9,C,literal,0.06470921989,A,48,0,3,6,0,2,0,0
10,C,literal,0.06470921989,C,48,1,4,6,0,0,0,0
11,A,critical,0.6044730745,C,48,0,4,7,0,0,0,0
12,C,inferential,0.5759683477,D,48,0,4,8,0,1,0,1
13,A,literal,0.6585900523,A,48,1,5,8,1,1,0,0
14,B,literal,0.6585900523,B,48,1,6,8,0,0,0,0
15,D,critical,1,B,48,0,6,9,0,0,0,0
16,B,critical,0.5400272658,C,48,0,6,10,0,1,0,1
17,A,critical,0.5153247851,C,48,0,6,11,0,2,0,2
18,B,critical,0.662024699,B,48,1,7,11,1,2,1,2
19,C,inferential,0.7254680353,D,48,0,7,12,1,3,1,3
0,D,literal,0,D,49,1,0,0,0,0,0,0
1,B,inferential,0.2796508158,B,49,1,1,0,0,0,0,0
2,C,inferential,0.4901752136,B,49,0,1,1,0,1,0,0
3,A,inferential,0.3040887644,C,49,0,1,2,0,2,0,0
4,A,inferential,0.3160402773,A,49,1,2,2,1,2,0,0
5,B,inferential,0.4830983286,A,49,0,2,3,1,3,0,0
6,A,literal,0.1370567028,B,49,0,2,4,1,4,0,0
7,D,critical,0.4742685156,D,49,1,3,4,0,0,0,0
8,A,inferential,0.5231932545,B,49,0,3,5,0,1,0,1
9,C,literal,0.06470921989,A,49,0,3,6,0,2,0,0
10,C,literal,0.06470921989,C,49,1,4,6,0,0,0,0
11,D,critical,0.6044730745,C,49,0,4,7,0,0,0,0
12,B,inferential,0.5759683477,D,49,0,4,8,0,1,0,1
13,A,literal,0.6585900523,A,49,1,5,8,1,1,0,0
14,D,literal,0.6585900523,B,49,0,5,9,0,0,0,0
15,A,critical,1,B,49,0,5,10,0,0,0,0
16,A,critical,0.5400272658,C,49,0,5,11,0,1,0,1
17,B,critical,0.5153247851,C,49,0,5,12,0,2,0,2
18,C,critical,0.662024699,B,49,0,5,13,0,3,0,3
19,D,inferential,0.7254680353,D,49,1,6,13,1,3,1,3
0,D,literal,0,D,50,1,0,0,0,0,0,0
1,B,inferential,0.2796508158,B,50,1,1,0,0,0,0,0
2,D,inferential,0.4901752136,B,50,0,1,1,0,1,0,0
3,C,inferential,0.3040887644,C,50,1,2,1,1,1,0,0
4,A,inferential,0.3160402773,A,50,1,3,1,2,1,0,0
5,B,inferential,0.4830983286,A,50,0,3,2,2,2,0,0
6,B,literal,0.1370567028,B,50,1,4,2,3,2,0,0
7,B,critical,0.4742685156,D,50,0,4,3,0,0,0,0
8,C,inferential,0.5231932545,B,50,0,4,4,0,1,0,1
9,C,literal,0.06470921989,A,50,0,4,5,0,2,0,0
10,A,literal,0.06470921989,C,50,0,4,6,0,0,0,0
11,C,critical,0.6044730745,C,50,1,5,6,0,0,0,0
12,A,inferential,0.5759683477,D,50,0,5,7,0,1,0,1
13,A,literal,0.6585900523,A,50,1,6,7,1,1,0,0
14,A,literal,0.6585900523,B,50,0,6,8,0,0,0,0
15,A,critical,1,B,50,0,6,9,0,0,0,0
16,C,critical,0.5400272658,C,50,1,7,9,1,0,1,0
17,C,critical,0.5153247851,C,50,1,8,9,2,0,2,0
18,C,critical,0.662024699,B,50,0,8,10,2,1,2,1
19,D,inferential,0.7254680353,D,50,1,9,10,3,1,3,1
0,D,literal,0,D,51,1,0,0,0,0,0,0
1,B,inferential,0.2796508158,B,51,1,1,0,0,0,0,0
2,B,inferential,0.4901752136,B,51,1,2,0,1,0,0,0
3,C,inferential,0.3040887644,C,51,1,3,0,2,0,0,0
4,A,inferential,0.3160402773,A,51,1,4,0,3,0,0,0
5,B,inferential,0.4830983286,A,51,0,4,1,3,1,0,0
6,B,literal,0.1370567028,B,51,1,5,1,4,1,0,0
7,D,critical,0.4742685156,D,51,1,6,1,0,0,0,0
8,C,inferential,0.5231932545,B,51,0,6,2,0,1,0,1
9,B,literal,0.06470921989,A,51,0,6,3,0,2,0,0
10,A,literal,0.06470921989,C,51,0,6,4,0,0,0,0
11,A,critical,0.6044730745,C,51,0,6,5,0,0,0,0
12,D,inferential,0.5759683477,D,51,1,7,5,1,0,1,0
13,A,literal,0.6585900523,A,51,1,8,5,2,0,0,0
14,B,literal,0.6585900523,B,51,1,9,5,0,0,0,0
15,A,critical,1,B,51,0,9,6,0,0,0,0
16,D,critical,0.5400272658,C,51,0,9,7,0,1,0,1
17,B,critical,0.5153247851,C,51,0,9,8,0,2,0,2
18,D,critical,0.662024699,B,51,0,9,9,0,3,0,3
19,D,inferential,0.7254680353,D,51,1,10,9,1,3,1,3
0,D,literal,0,D,52,1,0,0,0,0,0,0
1,B,inferential,0.2796508158,B,52,1,1,0,0,0,0,0
2,B,inferential,0.4901752136,B,52,1,2,0,1,0,0,0
3,A,inferential,0.3040887644,C,52,0,2,1,1,1,0,0
4,A,inferential,0.3160402773,A,52,1,3,1,2,1,0,0
5,C,inferential,0.4830983286,A,52,0,3,2,2,2,0,0
6,C,literal,0.1370567028,B,52,0,3,3,2,3,0,0
7,D,critical,0.4742685156,D,52,1,4,3,0,0,0,0
8,B,inferential,0.5231932545,B,52,1,5,3,1,0,1,0
9,D,literal,0.06470921989,A,52,0,5,4,1,1,0,0
10,C,literal,0.06470921989,C,52,1,6,4,0,0,0,0
11,A,critical,0.6044730745,C,52,0,6,5,0,0,0,0
12,D,inferential,0.5759683477,D,52,1,7,5,1,0,1,0
13,B,literal,0.6585900523,A,52,0,7,6,1,1,0,0
14,A,literal,0.6585900523,B,52,0,7,7,0,0,0,0
15,B,critical,1,B,52,1,8,7,0,0,0,0
16,C,critical,0.5400272658,C,52,1,9,7,1,0,1,0
17,B,critical,0.5153247851,C,52,0,9,8,1,1,1,1
18,C,critical,0.662024699,B,52,0,9,9,1,2,1,2
19,A,inferential,0.7254680353,D,52,0,9,10,1,3,1,3
0,D,literal,0,D,53,1,0,0,0,0,0,0
1,B,inferential,0.2796508158,B,53,1,1,0,0,0,0,0
2,B,inferential,0.4901752136,B,53,1,2,0,1,0,0,0
3,C,inferential,0.3040887644,C,53,1,3,0,2,0,0,0
4,A,inferential,0.3160402773,A,53,1,4,0,3,0,0,0
5,A,inferential,0.4830983286,A,53,1,5,0,4,0,0,0
6,C,literal,0.1370567028,B,53,0,5,1,4,1,0,0
7,D,critical,0.4742685156,D,53,1,6,1,0,0,0,0
8,D,inferential,0.5231932545,B,53,0,6,2,0,1,0,1
9,D,literal,0.06470921989,A,53,0,6,3,0,2,0,0
10,A,literal,0.06470921989,C,53,0,6,4,0,0,0,0
11,A,critical,0.6044730745,C,53,0,6,5,0,0,0,0
12,D,inferential,0.5759683477,D,53,1,7,5,1,0,1,0
13,B,literal,0.6585900523,A,53,0,7,6,1,1,0,0
14,A,literal,0.6585900523,B,53,0,7,7,0,0,0,0
15,A,critical,1,B,53,0,7,8,0,0,0,0
16,B,critical,0.5400272658,C,53,0,7,9,0,1,0,1
17,C,critical,0.5153247851,C,53,1,8,9,1,1,1,1
18,D,critical,0.662024699,B,53,0,8,10,1,2,1,2
19,B,inferential,0.7254680353,D,53,0,8,11,1,3,1,3
0,D,literal,0,D,54,1,0,0,0,0,0,0
1,B,inferential,0.2796508158,B,54,1,1,0,0,0,0,0
2,B,inferential,0.4901752136,B,54,1,2,0,1,0,0,0
3,C,inferential,0.3040887644,C,54,1,3,0,2,0,0,0
4,A,inferential,0.3160402773,A,54,1,4,0,3,0,0,0
5,A,inferential,0.4830983286,A,54,1,5,0,4,0,0,0
6,C,literal,0.1370567028,B,54,0,5,1,4,1,0,0
7,A,critical,0.4742685156,D,54,0,5,2,0,0,0,0
8,A,inferential,0.5231932545,B,54,0,5,3,0,1,0,1
9,B,literal,0.06470921989,A,54,0,5,4,0,2,0,0
10,A,literal,0.06470921989,C,54,0,5,5,0,0,0,0
11,C,critical,0.6044730745,C,54,1,6,5,0,0,0,0
12,C,inferential,0.5759683477,D,54,0,6,6,0,1,0,1
13,C,literal,0.6585900523,A,54,0,6,7,0,2,0,0
14,B,literal,0.6585900523,B,54,1,7,7,0,0,0,0
15,B,critical,1,B,54,1,8,7,0,0,0,0
16,C,critical,0.5400272658,C,54,1,9,7,1,0,1,0
17,A,critical,0.5153247851,C,54,0,9,8,1,1,1,1
18,A,critical,0.662024699,B,54,0,9,9,1,2,1,2
19,B,inferential,0.7254680353,D,54,0,9,10,1,3,1,3
0,D,literal,0,D,55,1,0,0,0,0,0,0
1,B,inferential,0.2796508158,B,55,1,1,0,0,0,0,0
2,B,inferential,0.4901752136,B,55,1,2,0,1,0,0,0
3,C,inferential,0.3040887644,C,55,1,3,0,2,0,0,0
4,A,inferential,0.3160402773,A,55,1,4,0,3,0,0,0
5,D,inferential,0.4830983286,A,55,0,4,1,3,1,0,0
6,B,literal,0.1370567028,B,55,1,5,1,4,1,0,0
7,A,critical,0.4742685156,D,55,0,5,2,0,0,0,0
8,D,inferential,0.5231932545,B,55,0,5,3,0,1,0,1
9,A,literal,0.06470921989,A,55,1,6,3,1,1,0,0
10,A,literal,0.06470921989,C,55,0,6,4,0,0,0,0
11,A,critical,0.6044730745,C,55,0,6,5,0,0,0,0
12,D,inferential,0.5759683477,D,55,1,7,5,1,0,1,0
13,A,literal,0.6585900523,A,55,1,8,5,2,0,0,0
14,A,literal,0.6585900523,B,55,0,8,6,0,0,0,0
15,D,critical,1,B,55,0,8,7,0,0,0,0
16,D,critical,0.5400272658,C,55,0,8,8,0,1,0,1
17,B,critical,0.5153247851,C,55,0,8,9,0,2,0,2
18,D,critical,0.662024699,B,55,0,8,10,0,3,0,3
19,B,inferential,0.7254680353,D,55,0,8,11,0,4,0,4
0,D,literal,0,D,56,1,0,0,0,0,0,0
1,A,inferential,0.2796508158,B,56,0,0,1,0,0,0,0
2,B,inferential,0.4901752136,B,56,1,1,1,1,0,0,0
3,A,inferential,0.3040887644,C,56,0,1,2,1,1,0,0
4,C,inferential,0.3160402773,A,56,0,1,3,1,2,0,0
5,B,inferential,0.4830983286,A,56,0,1,4,1,3,0,0
6,B,literal,0.1370567028,B,56,1,2,4,2,3,0,0
7,A,critical,0.4742685156,D,56,0,2,5,0,0,0,0
8,C,inferential,0.5231932545,B,56,0,2,6,0,1,0,1
9,D,literal,0.06470921989,A,56,0,2,7,0,2,0,0
10,A,literal,0.06470921989,C,56,0,2,8,0,0,0,0
11,A,critical,0.6044730745,C,56,0,2,9,0,0,0,0
12,B,inferential,0.5759683477,D,56,0,2,10,0,1,0,1
13,A,literal,0.6585900523,A,56,1,3,10,1,1,0,0
14,B,literal,0.6585900523,B,56,1,4,10,0,0,0,0
15,A,critical,1,B,56,0,4,11,0,0,0,0
16,C,critical,0.5400272658,C,56,1,5,11,1,0,1,0
17,B,critical,0.5153247851,C,56,0,5,12,1,1,1,1
18,A,critical,0.662024699,B,56,0,5,13,1,2,1,2
19,A,inferential,0.7254680353,D,56,0,5,14,1,3,1,3
0,D,literal,0,D,57,1,0,0,0,0,0,0
1,B,inferential,0.2796508158,B,57,1,1,0,0,0,0,0
2,C,inferential,0.4901752136,B,57,0,1,1,0,1,0,0
3,D,inferential,0.3040887644,C,57,0,1,2,0,2,0,0
4,C,inferential,0.3160402773,A,57,0,1,3,0,3,0,0
5,A,inferential,0.4830983286,A,57,1,2,3,1,3,0,0
6,A,literal,0.1370567028,B,57,0,2,4,1,4,0,0
7,A,critical,0.4742685156,D,57,0,2,5,0,0,0,0
8,B,inferential,0.5231932545,B,57,1,3,5,1,0,1,0
9,B,literal,0.06470921989,A,57,0,3,6,1,1,0,0
10,A,literal,0.06470921989,C,57,0,3,7,0,0,0,0
11,D,critical,0.6044730745,C,57,0,3,8,0,0,0,0
12,A,inferential,0.5759683477,D,57,0,3,9,0,1,0,1
13,C,literal,0.6585900523,A,57,0,3,10,0,2,0,0
14,B,literal,0.6585900523,B,57,1,4,10,0,0,0,0
15,D,critical,1,B,57,0,4,11,0,0,0,0
16,D,critical,0.5400272658,C,57,0,4,12,0,1,0,1
17,C,critical,0.5153247851,C,57,1,5,12,1,1,1,1
18,B,critical,0.662024699,B,57,1,6,12,2,1,2,1
19,D,inferential,0.7254680353,D,57,1,7,12,3,1,3,1
0,B,literal,0,D,58,0,0,0,0,0,0,0
1,D,inferential,0.2796508158,B,58,0,0,1,0,0,0,0
2,C,inferential,0.4901752136,B,58,0,0,2,0,1,0,0
3,B,inferential,0.3040887644,C,58,0,0,3,0,2,0,0
4,A,inferential,0.3160402773,A,58,1,1,3,1,2,0,0
5,B,inferential,0.4830983286,A,58,0,1,4,1,3,0,0
6,C,literal,0.1370567028,B,58,0,1,5,1,4,0,0
7,A,critical,0.4742685156,D,58,0,1,6,0,0,0,0
8,A,inferential,0.5231932545,B,58,0,1,7,0,1,0,1
9,B,literal,0.06470921989,A,58,0,1,8,0,2,0,0
10,B,literal,0.06470921989,C,58,0,1,9,0,0,0,0
11,D,critical,0.6044730745,C,58,0,1,10,0,0,0,0
12,B,inferential,0.5759683477,D,58,0,1,11,0,1,0,1
13,A,literal,0.6585900523,A,58,1,2,11,1,1,0,0
14,D,literal,0.6585900523,B,58,0,2,12,0,0,0,0
15,A,critical,1,B,58,0,2,13,0,0,0,0
16,A,critical,0.5400272658,C,58,0,2,14,0,1,0,1
17,B,critical,0.5153247851,C,58,0,2,15,0,2,0,2
18,C,critical,0.662024699,B,58,0,2,16,0,3,0,3
19,B,inferential,0.7254680353,D,58,0,2,17,0,4,0,4
0,D,literal,0,D,59,1,0,0,0,0,0,0
1,D,inferential,0.2796508158,B,59,0,0,1,0,0,0,0
2,C,inferential,0.4901752136,B,59,0,0,2,0,1,0,0
3,A,inferential,0.3040887644,C,59,0,0,3,0,2,0,0
4,B,inferential,0.3160402773,A,59,0,0,4,0,3,0,0
5,B,inferential,0.4830983286,A,59,0,0,5,0,4,0,0
6,B,literal,0.1370567028,B,59,1,1,5,1,4,0,0
7,B,critical,0.4742685156,D,59,0,1,6,0,0,0,0
8,C,inferential,0.5231932545,B,59,0,1,7,0,1,0,1
9,D,literal,0.06470921989,A,59,0,1,8,0,2,0,0
10,A,literal,0.06470921989,C,59,0,1,9,0,0,0,0
11,A,critical,0.6044730745,C,59,0,1,10,0,0,0,0
12,A,inferential,0.5759683477,D,59,0,1,11,0,1,0,1
13,B,literal,0.6585900523,A,59,0,1,12,0,2,0,0
14,A,literal,0.6585900523,B,59,0,1,13,0,0,0,0
15,A,critical,1,B,59,0,1,14,0,0,0,0
16,A,critical,0.5400272658,C,59,0,1,15,0,1,0,1
17,B,critical,0.5153247851,C,59,0,1,16,0,2,0,2
18,D,critical,0.662024699,B,59,0,1,17,0,3,0,3
19,A,inferential,0.7254680353,D,59,0,1,18,0,4,0,4
0,D,literal,0,D,60,1,0,0,0,0,0,0
1,A,inferential,0.2796508158,B,60,0,0,1,0,0,0,0
2,B,inferential,0.4901752136,B,60,1,1,1,1,0,0,0
3,B,inferential,0.3040887644,C,60,0,1,2,1,1,0,0
4,A,inferential,0.3160402773,A,60,1,2,2,2,1,0,0
5,A,inferential,0.4830983286,A,60,1,3,2,3,1,0,0
6,B,literal,0.1370567028,B,60,1,4,2,4,1,0,0
7,D,critical,0.4742685156,D,60,1,5,2,0,0,0,0
8,C,inferential,0.5231932545,B,60,0,5,3,0,1,0,1
9,B,literal,0.06470921989,A,60,0,5,4,0,2,0,0
10,A,literal,0.06470921989,C,60,0,5,5,0,0,0,0
11,A,critical,0.6044730745,C,60,0,5,6,0,0,0,0
12,D,inferential,0.5759683477,D,60,1,6,6,1,0,1,0
13,A,literal,0.6585900523,A,60,1,7,6,2,0,0,0
14,B,literal,0.6585900523,B,60,1,8,6,0,0,0,0
15,D,critical,1,B,60,0,8,7,0,0,0,0
16,D,critical,0.5400272658,C,60,0,8,8,0,1,0,1
17,D,critical,0.5153247851,C,60,0,8,9,0,2,0,2
18,C,critical,0.662024699,B,60,0,8,10,0,3,0,3
19,D,inferential,0.7254680353,D,60,1,9,10,1,3,1,3
0,D,literal,0,D,61,1,0,0,0,0,0,0
1,B,inferential,0.2796508158,B,61,1,1,0,0,0,0,0
2,C,inferential,0.4901752136,B,61,0,1,1,0,1,0,0
3,A,inferential,0.3040887644,C,61,0,1,2,0,2,0,0
4,A,inferential,0.3160402773,A,61,1,2,2,1,2,0,0
5,A,inferential,0.4830983286,A,61,1,3,2,2,2,0,0
6,B,literal,0.1370567028,B,61,1,4,2,3,2,0,0
7,B,critical,0.4742685156,D,61,0,4,3,0,0,0,0
8,A,inferential,0.5231932545,B,61,0,4,4,0,1,0,1
9,C,literal,0.06470921989,A,61,0,4,5,0,2,0,0
10,D,literal,0.06470921989,C,61,0,4,6,0,0,0,0
11,A,critical,0.6044730745,C,61,0,4,7,0,0,0,0
12,A,inferential,0.5759683477,D,61,0,4,8,0,1,0,1
13,C,literal,0.6585900523,A,61,0,4,9,0,2,0,0
14,A,literal,0.6585900523,B,61,0,4,10,0,0,0,0
15,B,critical,1,B,61,1,5,10,0,0,0,0
16,B,critical,0.5400272658,C,61,0,5,11,0,1,0,1
17,D,critical,0.5153247851,C,61,0,5,12,0,2,0,2
18,D,critical,0.662024699,B,61,0,5,13,0,3,0,3
19,C,inferential,0.7254680353,D,61,0,5,14,0,4,0,4
0,D,literal,0,D,62,1,0,0,0,0,0,0
1,B,inferential,0.2796508158,B,62,1,1,0,0,0,0,0
2,B,inferential,0.4901752136,B,62,1,2,0,1,0,0,0
3,C,inferential,0.3040887644,C,62,1,3,0,2,0,0,0
4,A,inferential,0.3160402773,A,62,1,4,0,3,0,0,0
5,B,inferential,0.4830983286,A,62,0,4,1,3,1,0,0
6,B,literal,0.1370567028,B,62,1,5,1,4,1,0,0
7,D,critical,0.4742685156,D,62,1,6,1,0,0,0,0
8,C,inferential,0.5231932545,B,62,0,6,2,0,1,0,1
9,B,literal,0.06470921989,A,62,0,6,3,0,2,0,0
10,A,literal,0.06470921989,C,62,0,6,4,0,0,0,0
11,A,critical,0.6044730745,C,62,0,6,5,0,0,0,0
12,A,inferential,0.5759683477,D,62,0,6,6,0,1,0,1
13,C,literal,0.6585900523,A,62,0,6,7,0,2,0,0
14,B,literal,0.6585900523,B,62,1,7,7,0,0,0,0
15,A,critical,1,B,62,0,7,8,0,0,0,0
16,D,critical,0.5400272658,C,62,0,7,9,0,1,0,1
17,C,critical,0.5153247851,C,62,1,8,9,1,1,1,1
18,C,critical,0.662024699,B,62,0,8,10,1,2,1,2
19,D,inferential,0.7254680353,D,62,1,9,10,2,2,2,2
0,B,literal,0,D,63,0,0,0,0,0,0,0
1,B,inferential,0.2796508158,B,63,1,1,0,0,0,0,0
2,B,inferential,0.4901752136,B,63,1,2,0,1,0,0,0
3,A,inferential,0.3040887644,C,63,0,2,1,1,1,0,0
4,A,inferential,0.3160402773,A,63,1,3,1,2,1,0,0
5,B,inferential,0.4830983286,A,63,0,3,2,2,2,0,0
6,B,literal,0.1370567028,B,63,1,4,2,3,2,0,0
7,B,critical,0.4742685156,D,63,0,4,3,0,0,0,0
8,C,inferential,0.5231932545,B,63,0,4,4,0,1,0,1
9,B,literal,0.06470921989,A,63,0,4,5,0,2,0,0
10,A,literal,0.06470921989,C,63,0,4,6,0,0,0,0
11,A,critical,0.6044730745,C,63,0,4,7,0,0,0,0
12,A,inferential,0.5759683477,D,63,0,4,8,0,1,0,1
13,A,literal,0.6585900523,A,63,1,5,8,1,1,0,0
14,B,literal,0.6585900523,B,63,1,6,8,0,0,0,0
15,B,critical,1,B,63,1,7,8,0,0,0,0
16,C,critical,0.5400272658,C,63,1,8,8,1,0,1,0
17,B,critical,0.5153247851,C,63,0,8,9,1,1,1,1
18,D,critical,0.662024699,B,63,0,8,10,1,2,1,2
19,B,inferential,0.7254680353,D,63,0,8,11,1,3,1,3
0,C,literal,0,D,64,0,0,0,0,0,0,0
1,C,inferential,0.2796508158,B,64,0,0,1,0,0,0,0
2,D,inferential,0.4901752136,B,64,0,0,2,0,1,0,0
3,A,inferential,0.3040887644,C,64,0,0,3,0,2,0,0
4,C,inferential,0.3160402773,A,64,0,0,4,0,3,0,0
5,D,inferential,0.4830983286,A,64,0,0,5,0,4,0,0
6,A,literal,0.1370567028,B,64,0,0,6,0,5,0,0
7,B,critical,0.4742685156,D,64,0,0,7,0,0,0,0
8,A,inferential,0.5231932545,B,64,0,0,8,0,1,0,1
9,B,literal,0.06470921989,A,64,0,0,9,0,2,0,0
10,A,literal,0.06470921989,C,64,0,0,10,0,0,0,0
11,B,critical,0.6044730745,C,64,0,0,11,0,0,0,0
12,A,inferential,0.5759683477,D,64,0,0,12,0,1,0,1
13,A,literal,0.6585900523,A,64,1,1,12,1,1,0,0
14,C,literal,0.6585900523,B,64,0,1,13,0,0,0,0
15,A,critical,1,B,64,0,1,14,0,0,0,0
16,A,critical,0.5400272658,C,64,0,1,15,0,1,0,1
17,C,critical,0.5153247851,C,64,1,2,15,1,1,1,1
18,A,critical,0.662024699,B,64,0,2,16,1,2,1,2
19,D,inferential,0.7254680353,D,64,1,3,16,2,2,2,2
0,D,literal,0,D,65,1,0,0,0,0,0,0
1,A,inferential,0.2796508158,B,65,0,0,1,0,0,0,0
2,B,inferential,0.4901752136,B,65,1,1,1,1,0,0,0
3,C,inferential,0.3040887644,C,65,1,2,1,2,0,0,0
4,A,inferential,0.3160402773,A,65,1,3,1,3,0,0,0
5,A,inferential,0.4830983286,A,65,1,4,1,4,0,0,0
6,B,literal,0.1370567028,B,65,1,5,1,5,0,0,0
7,D,critical,0.4742685156,D,65,1,6,1,0,0,0,0
8,C,inferential,0.5231932545,B,65,0,6,2,0,1,0,1
9,B,literal,0.06470921989,A,65,0,6,3,0,2,0,0
10,A,literal,0.06470921989,C,65,0,6,4,0,0,0,0
11,D,critical,0.6044730745,C,65,0,6,5,0,0,0,0
12,A,inferential,0.5759683477,D,65,0,6,6,0,1,0,1
13,D,literal,0.6585900523,A,65,0,6,7,0,2,0,0
14,A,literal,0.6585900523,B,65,0,6,8,0,0,0,0
15,C,critical,1,B,65,0,6,9,0,0,0,0
16,D,critical,0.5400272658,C,65,0,6,10,0,1,0,1
17,B,critical,0.5153247851,C,65,0,6,11,0,2,0,2
18,B,critical,0.662024699,B,65,1,7,11,1,2,1,2
19,D,inferential,0.7254680353,D,65,1,8,11,2,2,2,2
0,D,literal,0,D,66,1,0,0,0,0,0,0
1,B,inferential,0.2796508158,B,66,1,1,0,0,0,0,0
2,B,inferential,0.4901752136,B,66,1,2,0,1,0,0,0
3,C,inferential,0.3040887644,C,66,1,3,0,2,0,0,0
4,A,inferential,0.3160402773,A,66,1,4,0,3,0,0,0
5,A,inferential,0.4830983286,A,66,1,5,0,4,0,0,0
6,B,literal,0.1370567028,B,66,1,6,0,5,0,0,0
7,D,critical,0.4742685156,D,66,1,7,0,0,0,0,0
8,B,inferential,0.5231932545,B,66,1,8,0,1,0,1,0
9,C,literal,0.06470921989,A,66,0,8,1,1,1,0,0
10,A,literal,0.06470921989,C,66,0,8,2,0,0,0,0
11,D,critical,0.6044730745,C,66,0,8,3,0,0,0,0
12,C,inferential,0.5759683477,D,66,0,8,4,0,1,0,1
13,B,literal,0.6585900523,A,66,0,8,5,0,2,0,0
14,A,literal,0.6585900523,B,66,0,8,6,0,0,0,0
15,C,critical,1,B,66,0,8,7,0,0,0,0
16,D,critical,0.5400272658,C,66,0,8,8,0,1,0,1
17,B,critical,0.5153247851,C,66,0,8,9,0,2,0,2
18,B,critical,0.662024699,B,66,1,9,9,1,2,1,2
19,A,inferential,0.7254680353,D,66,0,9,10,1,3,1,3
0,D,literal,0,D,67,1,0,0,0,0,0,0
1,B,inferential,0.2796508158,B,67,1,1,0,0,0,0,0
2,C,inferential,0.4901752136,B,67,0,1,1,0,1,0,0
3,C,inferential,0.3040887644,C,67,1,2,1,1,1,0,0
4,A,inferential,0.3160402773,A,67,1,3,1,2,1,0,0
5,A,inferential,0.4830983286,A,67,1,4,1,3,1,0,0
6,B,literal,0.1370567028,B,67,1,5,1,4,1,0,0
7,B,critical,0.4742685156,D,67,0,5,2,0,0,0,0
8,D,inferential,0.5231932545,B,67,0,5,3,0,1,0,1
9,C,literal,0.06470921989,A,67,0,5,4,0,2,0,0
10,A,literal,0.06470921989,C,67,0,5,5,0,0,0,0
11,A,critical,0.6044730745,C,67,0,5,6,0,0,0,0
12,A,inferential,0.5759683477,D,67,0,5,7,0,1,0,1
13,B,literal,0.6585900523,A,67,0,5,8,0,2,0,0
14,B,literal,0.6585900523,B,67,1,6,8,0,0,0,0
15,C,critical,1,B,67,0,6,9,0,0,0,0
16,D,critical,0.5400272658,C,67,0,6,10,0,1,0,1
17,B,critical,0.5153247851,C,67,0,6,11,0,2,0,2
18,D,critical,0.662024699,B,67,0,6,12,0,3,0,3
19,D,inferential,0.7254680353,D,67,1,7,12,1,3,1,3
0,D,literal,0,D,68,1,0,0,0,0,0,0
1,A,inferential,0.2796508158,B,68,0,0,1,0,0,0,0
2,B,inferential,0.4901752136,B,68,1,1,1,1,0,0,0
3,C,inferential,0.3040887644,C,68,1,2,1,2,0,0,0
4,A,inferential,0.3160402773,A,68,1,3,1,3,0,0,0
5,B,inferential,0.4830983286,A,68,0,3,2,3,1,0,0
6,B,literal,0.1370567028,B,68,1,4,2,4,1,0,0
7,D,critical,0.4742685156,D,68,1,5,2,0,0,0,0
8,D,inferential,0.5231932545,B,68,0,5,3,0,1,0,1
9,B,literal,0.06470921989,A,68,0,5,4,0,2,0,0
10,A,literal,0.06470921989,C,68,0,5,5,0,0,0,0
11,A,critical,0.6044730745,C,68,0,5,6,0,0,0,0
12,A,inferential,0.5759683477,D,68,0,5,7,0,1,0,1
13,B,literal,0.6585900523,A,68,0,5,8,0,2,0,0
14,B,literal,0.6585900523,B,68,1,6,8,0,0,0,0
15,C,critical,1,B,68,0,6,9,0,0,0,0
16,D,critical,0.5400272658,C,68,0,6,10,0,1,0,1
17,B,critical,0.5153247851,C,68,0,6,11,0,2,0,2
18,B,critical,0.662024699,B,68,1,7,11,1,2,1,2
19,D,inferential,0.7254680353,D,68,1,8,11,2,2,2,2
0,D,literal,0,D,69,1,0,0,0,0,0,0
1,A,inferential,0.2796508158,B,69,0,0,1,0,0,0,0
2,C,inferential,0.4901752136,B,69,0,0,2,0,1,0,0
3,B,inferential,0.3040887644,C,69,0,0,3,0,2,0,0
4,A,inferential,0.3160402773,A,69,1,1,3,1,2,0,0
5,A,inferential,0.4830983286,A,69,1,2,3,2,2,0,0
6,C,literal,0.1370567028,B,69,0,2,4,2,3,0,0
7,B,critical,0.4742685156,D,69,0,2,5,0,0,0,0
8,C,inferential,0.5231932545,B,69,0,2,6,0,1,0,1
9,C,literal,0.06470921989,A,69,0,2,7,0,2,0,0
10,A,literal,0.06470921989,C,69,0,2,8,0,0,0,0
11,A,critical,0.6044730745,C,69,0,2,9,0,0,0,0
12,D,inferential,0.5759683477,D,69,1,3,9,1,0,1,0
13,B,literal,0.6585900523,A,69,0,3,10,1,1,0,0
14,B,literal,0.6585900523,B,69,1,4,10,0,0,0,0
15,D,critical,1,B,69,0,4,11,0,0,0,0
16,D,critical,0.5400272658,C,69,0,4,12,0,1,0,1
17,A,critical,0.5153247851,C,69,0,4,13,0,2,0,2
18,B,critical,0.662024699,B,69,1,5,13,1,2,1,2
19,C,inferential,0.7254680353,D,69,0,5,14,1,3,1,3