Student ID,Question ID,Knowledge Component,Knowledge Components,Difficulty,Response,Answer,Status,literal_number_correct,literal_number_incorrect,inferential_number_correct,inferential_number_incorrect,critical_number_correct,critical_number_incorrect
0,0,literal,"[1, 0, 0]",8.281581293595435,C,D,0,0,0,0,0,0,0
0,1,inferential,"[0, 1, 0]",8.930296569606336,C,B,0,0,1,0,0,0,0
0,2,inferential,"[0, 1, 0]",9.418657000508436,D,B,0,0,0,0,1,0,0
0,3,inferential,"[0, 1, 0]",8.986986090029994,B,C,0,0,0,0,2,0,0
0,4,inferential,"[0, 1, 0]",9.014710410853871,B,A,0,0,0,0,3,0,0
0,5,inferential,"[0, 1, 0]",9.40224051539958,A,A,1,0,0,0,4,0,0
0,6,literal,"[1, 0, 0]",8.599516274509805,A,B,0,0,0,1,4,0,0
0,7,critical,"[0, 0, 1]",9.381757705161776,C,D,0,0,1,0,0,0,0
0,8,inferential,"[0, 1, 0]",9.49525004529942,A,B,0,0,0,0,0,0,1
0,9,literal,"[1, 0, 0]",8.431689417989418,D,A,0,0,0,0,1,0,0
0,10,literal,"[1, 0, 0]",8.431689417989418,B,C,0,0,1,0,0,0,0
0,11,critical,"[0, 0, 1]",9.683797540643393,D,C,0,0,2,0,0,0,0
0,12,inferential,"[0, 1, 0]",9.617674180239577,C,D,0,0,0,0,0,0,1
0,13,literal,"[1, 0, 0]",9.809334489693313,A,A,1,0,0,0,1,0,0
0,14,literal,"[1, 0, 0]",9.809334489693313,B,B,1,1,0,0,0,0,0
0,15,critical,"[0, 0, 1]",10.601314473197025,A,B,0,2,0,0,0,0,0
0,16,critical,"[0, 0, 1]",9.534300459978933,C,C,1,0,0,0,0,0,1
0,17,critical,"[0, 0, 1]",9.476997295932037,B,C,0,0,0,0,0,1,1
0,18,critical,"[0, 0, 1]",9.817301953532693,D,B,0,0,0,0,0,1,2
0,19,inferential,"[0, 1, 0]",9.964473565718272,A,D,0,0,0,0,0,1,3
1,0,literal,"[1, 0, 0]",8.281581293595435,C,D,0,0,0,0,0,0,0
1,1,inferential,"[0, 1, 0]",8.930296569606336,A,B,0,0,1,0,0,0,0
1,2,inferential,"[0, 1, 0]",9.418657000508436,D,B,0,0,0,0,1,0,0
1,3,inferential,"[0, 1, 0]",8.986986090029994,A,C,0,0,0,0,2,0,0
1,4,inferential,"[0, 1, 0]",9.014710410853871,B,A,0,0,0,0,3,0,0
1,5,inferential,"[0, 1, 0]",9.40224051539958,D,A,0,0,0,0,4,0,0
1,6,literal,"[1, 0, 0]",8.599516274509805,C,B,0,0,0,0,5,0,0
1,7,critical,"[0, 0, 1]",9.381757705161776,,D,0,0,1,0,0,0,0
1,8,inferential,"[0, 1, 0]",9.49525004529942,C,B,0,0,0,0,0,0,1
1,9,literal,"[1, 0, 0]",8.431689417989418,B,A,0,0,0,0,1,0,0
1,10,literal,"[1, 0, 0]",8.431689417989418,D,C,0,0,1,0,0,0,0
1,11,critical,"[0, 0, 1]",9.683797540643393,A,C,0,0,2,0,0,0,0
1,12,inferential,"[0, 1, 0]",9.617674180239577,A,D,0,0,0,0,0,0,1
1,13,literal,"[1, 0, 0]",9.809334489693313,C,A,0,0,0,0,1,0,0
1,14,literal,"[1, 0, 0]",9.809334489693313,D,B,0,0,1,0,0,0,0
1,15,critical,"[0, 0, 1]",10.601314473197025,B,B,1,0,2,0,0,0,0
1,16,critical,"[0, 0, 1]",9.534300459978933,C,C,1,0,0,0,0,1,0
1,17,critical,"[0, 0, 1]",9.476997295932037,A,C,0,0,0,0,0,2,0
1,18,critical,"[0, 0, 1]",9.817301953532693,D,B,0,0,0,0,0,2,1
1,19,inferential,"[0, 1, 0]",9.964473565718272,C,D,0,0,0,0,0,2,2
2,0,literal,"[1, 0, 0]",8.281581293595435,D,D,1,0,0,0,0,0,0
2,1,inferential,"[0, 1, 0]",8.930296569606336,C,B,0,1,0,0,0,0,0
2,2,inferential,"[0, 1, 0]",9.418657000508436,B,B,1,0,0,0,1,0,0
2,3,inferential,"[0, 1, 0]",8.986986090029994,A,C,0,0,0,1,1,0,0
2,4,inferential,"[0, 1, 0]",9.014710410853871,A,A,1,0,0,1,2,0,0
2,5,inferential,"[0, 1, 0]",9.40224051539958,D,A,0,0,0,2,2,0,0
2,6,literal,"[1, 0, 0]",8.599516274509805,C,B,0,0,0,2,3,0,0
2,7,critical,"[0, 0, 1]",9.381757705161776,D,D,1,0,1,0,0,0,0
2,8,inferential,"[0, 1, 0]",9.49525004529942,A,B,0,0,0,0,0,1,0
2,9,literal,"[1, 0, 0]",8.431689417989418,C,A,0,0,0,0,1,0,0
2,10,literal,"[1, 0, 0]",8.431689417989418,A,C,0,0,1,0,0,0,0
2,11,critical,"[0, 0, 1]",9.683797540643393,A,C,0,0,2,0,0,0,0
2,12,inferential,"[0, 1, 0]",9.617674180239577,C,D,0,0,0,0,0,0,1
2,13,literal,"[1, 0, 0]",9.809334489693313,D,A,0,0,0,0,1,0,0
2,14,literal,"[1, 0, 0]",9.809334489693313,A,B,0,0,1,0,0,0,0
2,15,critical,"[0, 0, 1]",10.601314473197025,A,B,0,0,2,0,0,0,0
2,16,critical,"[0, 0, 1]",9.534300459978933,C,C,1,0,0,0,0,0,1
2,17,critical,"[0, 0, 1]",9.476997295932037,A,C,0,0,0,0,0,1,1
2,18,critical,"[0, 0, 1]",9.817301953532693,B,B,1,0,0,0,0,1,2
2,19,inferential,"[0, 1, 0]",9.964473565718272,D,D,1,0,0,0,0,2,2
3,0,literal,"[1, 0, 0]",8.281581293595435,B,D,0,0,0,0,0,0,0
3,1,inferential,"[0, 1, 0]",8.930296569606336,B,B,1,0,1,0,0,0,0
3,2,inferential,"[0, 1, 0]",9.418657000508436,D,B,0,0,0,1,0,0,0
3,3,inferential,"[0, 1, 0]",8.986986090029994,A,C,0,0,0,1,1,0,0
3,4,inferential,"[0, 1, 0]",9.014710410853871,B,A,0,0,0,1,2,0,0
3,5,inferential,"[0, 1, 0]",9.40224051539958,B,A,0,0,0,1,3,0,0
3,6,literal,"[1, 0, 0]",8.599516274509805,B,B,1,0,0,1,4,0,0
3,7,critical,"[0, 0, 1]",9.381757705161776,B,D,0,1,0,0,0,0,0
3,8,inferential,"[0, 1, 0]",9.49525004529942,C,B,0,0,0,0,0,0,1
3,9,literal,"[1, 0, 0]",8.431689417989418,A,A,1,0,0,0,1,0,0
3,10,literal,"[1, 0, 0]",8.431689417989418,A,C,0,1,0,0,0,0,0
3,11,critical,"[0, 0, 1]",9.683797540643393,C,C,1,1,1,0,0,0,0
3,12,inferential,"[0, 1, 0]",9.617674180239577,C,D,0,0,0,0,0,1,0
3,13,literal,"[1, 0, 0]",9.809334489693313,A,A,1,0,0,0,1,0,0
3,14,literal,"[1, 0, 0]",9.809334489693313,B,B,1,1,0,0,0,0,0
3,15,critical,"[0, 0, 1]",10.601314473197025,A,B,0,2,0,0,0,0,0
3,16,critical,"[0, 0, 1]",9.534300459978933,D,C,0,0,0,0,0,0,1
3,17,critical,"[0, 0, 1]",9.476997295932037,B,C,0,0,0,0,0,0,2
3,18,critical,"[0, 0, 1]",9.817301953532693,A,B,0,0,0,0,0,0,3
3,19,inferential,"[0, 1, 0]",9.964473565718272,B,D,0,0,0,0,0,0,4
4,0,literal,"[1, 0, 0]",8.281581293595435,A,D,0,0,0,0,0,0,0
4,1,inferential,"[0, 1, 0]",8.930296569606336,B,B,1,0,1,0,0,0,0
4,2,inferential,"[0, 1, 0]",9.418657000508436,B,B,1,0,0,1,0,0,0
4,3,inferential,"[0, 1, 0]",8.986986090029994,C,C,1,0,0,2,0,0,0
4,4,inferential,"[0, 1, 0]",9.014710410853871,A,A,1,0,0,3,0,0,0
4,5,inferential,"[0, 1, 0]",9.40224051539958,A,A,1,0,0,4,0,0,0
4,6,literal,"[1, 0, 0]",8.599516274509805,B,B,1,0,0,5,0,0,0
4,7,critical,"[0, 0, 1]",9.381757705161776,A,D,0,1,0,0,0,0,0
4,8,inferential,"[0, 1, 0]",9.49525004529942,A,B,0,0,0,0,0,0,1
4,9,literal,"[1, 0, 0]",8.431689417989418,C,A,0,0,0,0,1,0,0
4,10,literal,"[1, 0, 0]",8.431689417989418,D,C,0,0,1,0,0,0,0
4,11,critical,"[0, 0, 1]",9.683797540643393,A,C,0,0,2,0,0,0,0
4,12,inferential,"[0, 1, 0]",9.617674180239577,A,D,0,0,0,0,0,0,1
4,13,literal,"[1, 0, 0]",9.809334489693313,A,A,1,0,0,0,1,0,0
4,14,literal,"[1, 0, 0]",9.809334489693313,A,B,0,1,0,0,0,0,0
4,15,critical,"[0, 0, 1]",10.601314473197025,A,B,0,1,1,0,0,0,0
4,16,critical,"[0, 0, 1]",9.534300459978933,B,C,0,0,0,0,0,0,1
4,17,critical,"[0, 0, 1]",9.476997295932037,A,C,0,0,0,0,0,0,2
4,18,critical,"[0, 0, 1]",9.817301953532693,B,B,1,0,0,0,0,0,3
4,19,inferential,"[0, 1, 0]",9.964473565718272,C,D,0,0,0,0,0,1,3
5,0,literal,"[1, 0, 0]",8.281581293595435,C,D,0,0,0,0,0,0,0
5,1,inferential,"[0, 1, 0]",8.930296569606336,C,B,0,0,1,0,0,0,0
5,2,inferential,"[0, 1, 0]",9.418657000508436,D,B,0,0,0,0,1,0,0
5,3,inferential,"[0, 1, 0]",8.986986090029994,A,C,0,0,0,0,2,0,0
5,4,inferential,"[0, 1, 0]",9.014710410853871,C,A,0,0,0,0,3,0,0
5,5,inferential,"[0, 1, 0]",9.40224051539958,B,A,0,0,0,0,4,0,0
5,6,literal,"[1, 0, 0]",8.599516274509805,B,B,1,0,0,0,5,0,0
5,7,critical,"[0, 0, 1]",9.381757705161776,D,D,1,1,0,0,0,0,0
5,8,inferential,"[0, 1, 0]",9.49525004529942,B,B,1,0,0,0,0,1,0
5,9,literal,"[1, 0, 0]",8.431689417989418,C,A,0,0,0,1,0,0,0
5,10,literal,"[1, 0, 0]",8.431689417989418,D,C,0,0,1,0,0,0,0
5,11,critical,"[0, 0, 1]",9.683797540643393,D,C,0,0,2,0,0,0,0
5,12,inferential,"[0, 1, 0]",9.617674180239577,B,D,0,0,0,0,0,0,1
5,13,literal,"[1, 0, 0]",9.809334489693313,C,A,0,0,0,0,1,0,0
5,14,literal,"[1, 0, 0]",9.809334489693313,B,B,1,0,1,0,0,0,0
5,15,critical,"[0, 0, 1]",10.601314473197025,A,B,0,1,1,0,0,0,0
5,16,critical,"[0, 0, 1]",9.534300459978933,D,C,0,0,0,0,0,0,1
5,17,critical,"[0, 0, 1]",9.476997295932037,B,C,0,0,0,0,0,0,2
5,18,critical,"[0, 0, 1]",9.817301953532693,C,B,0,0,0,0,0,0,3
5,19,inferential,"[0, 1, 0]",9.964473565718272,D,D,1,0,0,0,0,0,4
6,0,literal,"[1, 0, 0]",8.281581293595435,D,D,1,0,0,0,0,0,0
6,1,inferential,"[0, 1, 0]",8.930296569606336,C,B,0,1,0,0,0,0,0
6,2,inferential,"[0, 1, 0]",9.418657000508436,B,B,1,0,0,0,1,0,0
6,3,inferential,"[0, 1, 0]",8.986986090029994,A,C,0,0,0,1,1,0,0
6,4,inferential,"[0, 1, 0]",9.014710410853871,C,A,0,0,0,1,2,0,0
6,5,inferential,"[0, 1, 0]",9.40224051539958,D,A,0,0,0,1,3,0,0
6,6,literal,"[1, 0, 0]",8.599516274509805,A,B,0,0,0,1,4,0,0
6,7,critical,"[0, 0, 1]",9.381757705161776,D,D,1,0,1,0,0,0,0
6,8,inferential,"[0, 1, 0]",9.49525004529942,A,B,0,0,0,0,0,1,0
6,9,literal,"[1, 0, 0]",8.431689417989418,B,A,0,0,0,0,1,0,0
6,10,literal,"[1, 0, 0]",8.431689417989418,,C,0,0,1,0,0,0,0
6,11,critical,"[0, 0, 1]",9.683797540643393,A,C,0,0,2,0,0,0,0
6,12,inferential,"[0, 1, 0]",9.617674180239577,C,D,0,0,0,0,0,0,1
6,13,literal,"[1, 0, 0]",9.809334489693313,C,A,0,0,0,0,1,0,0
6,14,literal,"[1, 0, 0]",9.809334489693313,B,B,1,0,1,0,0,0,0
6,15,critical,"[0, 0, 1]",10.601314473197025,B,B,1,1,1,0,0,0,0
6,16,critical,"[0, 0, 1]",9.534300459978933,D,C,0,0,0,0,0,1,0
6,17,critical,"[0, 0, 1]",9.476997295932037,C,C,1,0,0,0,0,1,1
6,18,critical,"[0, 0, 1]",9.817301953532693,C,B,0,0,0,0,0,2,1
6,19,inferential,"[0, 1, 0]",9.964473565718272,A,D,0,0,0,0,0,2,2
7,0,literal,"[1, 0, 0]",8.281581293595435,D,D,1,0,0,0,0,0,0
7,1,inferential,"[0, 1, 0]",8.930296569606336,B,B,1,1,0,0,0,0,0
7,2,inferential,"[0, 1, 0]",9.418657000508436,C,B,0,0,0,1,0,0,0
7,3,inferential,"[0, 1, 0]",8.986986090029994,A,C,0,0,0,1,1,0,0
7,4,inferential,"[0, 1, 0]",9.014710410853871,A,A,1,0,0,1,2,0,0
7,5,inferential,"[0, 1, 0]",9.40224051539958,A,A,1,0,0,2,2,0,0
7,6,literal,"[1, 0, 0]",8.599516274509805,B,B,1,0,0,3,2,0,0
7,7,critical,"[0, 0, 1]",9.381757705161776,B,D,0,1,0,0,0,0,0
7,8,inferential,"[0, 1, 0]",9.49525004529942,C,B,0,0,0,0,0,0,1
7,9,literal,"[1, 0, 0]",8.431689417989418,,A,0,0,0,0,1,0,0
7,10,literal,"[1, 0, 0]",8.431689417989418,A,C,0,0,1,0,0,0,0
7,11,critical,"[0, 0, 1]",9.683797540643393,C,C,1,0,2,0,0,0,0
7,12,inferential,"[0, 1, 0]",9.617674180239577,C,D,0,0,0,0,0,1,0
7,13,literal,"[1, 0, 0]",9.809334489693313,D,A,0,0,0,0,1,0,0
7,14,literal,"[1, 0, 0]",9.809334489693313,A,B,0,0,1,0,0,0,0
7,15,critical,"[0, 0, 1]",10.601314473197025,D,B,0,0,2,0,0,0,0
7,16,critical,"[0, 0, 1]",9.534300459978933,D,C,0,0,0,0,0,0,1
7,17,critical,"[0, 0, 1]",9.476997295932037,A,C,0,0,0,0,0,0,2
7,18,critical,"[0, 0, 1]",9.817301953532693,D,B,0,0,0,0,0,0,3
7,19,inferential,"[0, 1, 0]",9.964473565718272,C,D,0,0,0,0,0,0,4
8,0,literal,"[1, 0, 0]",8.281581293595435,D,D,1,0,0,0,0,0,0
8,1,inferential,"[0, 1, 0]",8.930296569606336,B,B,1,1,0,0,0,0,0
8,2,inferential,"[0, 1, 0]",9.418657000508436,B,B,1,0,0,1,0,0,0
8,3,inferential,"[0, 1, 0]",8.986986090029994,A,C,0,0,0,2,0,0,0
8,4,inferential,"[0, 1, 0]",9.014710410853871,A,A,1,0,0,2,1,0,0
8,5,inferential,"[0, 1, 0]",9.40224051539958,A,A,1,0,0,3,1,0,0
8,6,literal,"[1, 0, 0]",8.599516274509805,B,B,1,0,0,4,1,0,0
8,7,critical,"[0, 0, 1]",9.381757705161776,D,D,1,1,0,0,0,0,0
8,8,inferential,"[0, 1, 0]",9.49525004529942,C,B,0,0,0,0,0,1,0
8,9,literal,"[1, 0, 0]",8.431689417989418,B,A,0,0,0,0,1,0,0
8,10,literal,"[1, 0, 0]",8.431689417989418,A,C,0,0,1,0,0,0,0
8,11,critical,"[0, 0, 1]",9.683797540643393,B,C,0,0,2,0,0,0,0
8,12,inferential,"[0, 1, 0]",9.617674180239577,C,D,0,0,0,0,0,0,1
8,13,literal,"[1, 0, 0]",9.809334489693313,B,A,0,0,0,0,1,0,0
8,14,literal,"[1, 0, 0]",9.809334489693313,B,B,1,0,1,0,0,0,0
8,15,critical,"[0, 0, 1]",10.601314473197025,B,B,1,1,1,0,0,0,0
8,16,critical,"[0, 0, 1]",9.534300459978933,D,C,0,0,0,0,0,1,0
8,17,critical,"[0, 0, 1]",9.476997295932037,C,C,1,0,0,0,0,1,1
8,18,critical,"[0, 0, 1]",9.817301953532693,C,B,0,0,0,0,0,2,1
8,19,inferential,"[0, 1, 0]",9.964473565718272,D,D,1,0,0,0,0,2,2
9,0,literal,"[1, 0, 0]",8.281581293595435,D,D,1,0,0,0,0,0,0
9,1,inferential,"[0, 1, 0]",8.930296569606336,B,B,1,1,0,0,0,0,0
9,2,inferential,"[0, 1, 0]",9.418657000508436,C,B,0,0,0,1,0,0,0
9,3,inferential,"[0, 1, 0]",8.986986090029994,B,C,0,0,0,1,1,0,0
9,4,inferential,"[0, 1, 0]",9.014710410853871,A,A,1,0,0,1,2,0,0
9,5,inferential,"[0, 1, 0]",9.40224051539958,A,A,1,0,0,2,2,0,0
9,6,literal,"[1, 0, 0]",8.599516274509805,B,B,1,0,0,3,2,0,0
9,7,critical,"[0, 0, 1]",9.381757705161776,B,D,0,1,0,0,0,0,0
9,8,inferential,"[0, 1, 0]",9.49525004529942,D,B,0,0,0,0,0,0,1
9,9,literal,"[1, 0, 0]",8.431689417989418,C,A,0,0,0,0,1,0,0
9,10,literal,"[1, 0, 0]",8.431689417989418,A,C,0,0,1,0,0,0,0
9,11,critical,"[0, 0, 1]",9.683797540643393,A,C,0,0,2,0,0,0,0
9,12,inferential,"[0, 1, 0]",9.617674180239577,A,D,0,0,0,0,0,0,1
9,13,literal,"[1, 0, 0]",9.809334489693313,B,A,0,0,0,0,1,0,0
9,14,literal,"[1, 0, 0]",9.809334489693313,B,B,1,0,1,0,0,0,0
9,15,critical,"[0, 0, 1]",10.601314473197025,C,B,0,1,1,0,0,0,0
9,16,critical,"[0, 0, 1]",9.534300459978933,D,C,0,0,0,0,0,0,1
9,17,critical,"[0, 0, 1]",9.476997295932037,B,C,0,0,0,0,0,0,2
9,18,critical,"[0, 0, 1]",9.817301953532693,D,B,0,0,0,0,0,0,3
9,19,inferential,"[0, 1, 0]",9.964473565718272,D,D,1,0,0,0,0,0,4
10,0,literal,"[1, 0, 0]",8.281581293595435,D,D,1,0,0,0,0,0,0
10,1,inferential,"[0, 1, 0]",8.930296569606336,B,B,1,1,0,0,0,0,0
10,2,inferential,"[0, 1, 0]",9.418657000508436,C,B,0,0,0,1,0,0,0
10,3,inferential,"[0, 1, 0]",8.986986090029994,A,C,0,0,0,1,1,0,0
10,4,inferential,"[0, 1, 0]",9.014710410853871,C,A,0,0,0,1,2,0,0
10,5,inferential,"[0, 1, 0]",9.40224051539958,A,A,1,0,0,1,3,0,0
10,6,literal,"[1, 0, 0]",8.599516274509805,B,B,1,0,0,2,3,0,0
10,7,critical,"[0, 0, 1]",9.381757705161776,D,D,1,1,0,0,0,0,0
10,8,inferential,"[0, 1, 0]",9.49525004529942,C,B,0,0,0,0,0,1,0
10,9,literal,"[1, 0, 0]",8.431689417989418,C,A,0,0,0,0,1,0,0
10,10,literal,"[1, 0, 0]",8.431689417989418,A,C,0,0,1,0,0,0,0
10,11,critical,"[0, 0, 1]",9.683797540643393,A,C,0,0,2,0,0,0,0
10,12,inferential,"[0, 1, 0]",9.617674180239577,A,D,0,0,0,0,0,0,1
10,13,literal,"[1, 0, 0]",9.809334489693313,A,A,1,0,0,0,1,0,0
10,14,literal,"[1, 0, 0]",9.809334489693313,C,B,0,1,0,0,0,0,0
10,15,critical,"[0, 0, 1]",10.601314473197025,A,B,0,1,1,0,0,0,0
10,16,critical,"[0, 0, 1]",9.534300459978933,B,C,0,0,0,0,0,0,1
10,17,critical,"[0, 0, 1]",9.476997295932037,D,C,0,0,0,0,0,0,2
10,18,critical,"[0, 0, 1]",9.817301953532693,D,B,0,0,0,0,0,0,3
10,19,inferential,"[0, 1, 0]",9.964473565718272,C,D,0,0,0,0,0,0,4
11,0,literal,"[1, 0, 0]",8.281581293595435,D,D,1,0,0,0,0,0,0
11,1,inferential,"[0, 1, 0]",8.930296569606336,C,B,0,1,0,0,0,0,0
11,2,inferential,"[0, 1, 0]",9.418657000508436,B,B,1,0,0,0,1,0,0
11,3,inferential,"[0, 1, 0]",8.986986090029994,A,C,0,0,0,1,1,0,0
11,4,inferential,"[0, 1, 0]",9.014710410853871,C,A,0,0,0,1,2,0,0
11,5,inferential,"[0, 1, 0]",9.40224051539958,A,A,1,0,0,1,3,0,0
11,6,literal,"[1, 0, 0]",8.599516274509805,B,B,1,0,0,2,3,0,0
11,7,critical,"[0, 0, 1]",9.381757705161776,B,D,0,1,0,0,0,0,0
11,8,inferential,"[0, 1, 0]",9.49525004529942,B,B,1,0,0,0,0,0,1
11,9,literal,"[1, 0, 0]",8.431689417989418,C,A,0,0,0,1,0,0,0
11,10,literal,"[1, 0, 0]",8.431689417989418,C,C,1,0,1,0,0,0,0
11,11,critical,"[0, 0, 1]",9.683797540643393,B,C,0,1,1,0,0,0,0
11,12,inferential,"[0, 1, 0]",9.617674180239577,A,D,0,0,0,0,0,0,1
11,13,literal,"[1, 0, 0]",9.809334489693313,C,A,0,0,0,0,1,0,0
11,14,literal,"[1, 0, 0]",9.809334489693313,D,B,0,0,1,0,0,0,0
11,15,critical,"[0, 0, 1]",10.601314473197025,D,B,0,0,2,0,0,0,0
11,16,critical,"[0, 0, 1]",9.534300459978933,B,C,0,0,0,0,0,0,1
11,17,critical,"[0, 0, 1]",9.476997295932037,B,C,0,0,0,0,0,0,2
11,18,critical,"[0, 0, 1]",9.817301953532693,C,B,0,0,0,0,0,0,3
11,19,inferential,"[0, 1, 0]",9.964473565718272,A,D,0,0,0,0,0,0,4
12,0,literal,"[1, 0, 0]",8.281581293595435,C,D,0,0,0,0,0,0,0
12,1,inferential,"[0, 1, 0]",8.930296569606336,B,B,1,0,1,0,0,0,0
12,2,inferential,"[0, 1, 0]",9.418657000508436,D,B,0,0,0,1,0,0,0
12,3,inferential,"[0, 1, 0]",8.986986090029994,C,C,1,0,0,1,1,0,0
12,4,inferential,"[0, 1, 0]",9.014710410853871,A,A,1,0,0,2,1,0,0
12,5,inferential,"[0, 1, 0]",9.40224051539958,B,A,0,0,0,3,1,0,0
12,6,literal,"[1, 0, 0]",8.599516274509805,A,B,0,0,0,3,2,0,0
12,7,critical,"[0, 0, 1]",9.381757705161776,B,D,0,0,1,0,0,0,0
12,8,inferential,"[0, 1, 0]",9.49525004529942,B,B,1,0,0,0,0,0,1
12,9,literal,"[1, 0, 0]",8.431689417989418,A,A,1,0,0,1,0,0,0
12,10,literal,"[1, 0, 0]",8.431689417989418,B,C,0,1,0,0,0,0,0
12,11,critical,"[0, 0, 1]",9.683797540643393,A,C,0,1,1,0,0,0,0
12,12,inferential,"[0, 1, 0]",9.617674180239577,D,D,1,0,0,0,0,0,1
12,13,literal,"[1, 0, 0]",9.809334489693313,B,A,0,0,0,1,0,0,0
12,14,literal,"[1, 0, 0]",9.809334489693313,A,B,0,0,1,0,0,0,0
12,15,critical,"[0, 0, 1]",10.601314473197025,C,B,0,0,2,0,0,0,0
12,16,critical,"[0, 0, 1]",9.534300459978933,D,C,0,0,0,0,0,0,1
12,17,critical,"[0, 0, 1]",9.476997295932037,B,C,0,0,0,0,0,0,2
12,18,critical,"[0, 0, 1]",9.817301953532693,A,B,0,0,0,0,0,0,3
12,19,inferential,"[0, 1, 0]",9.964473565718272,B,D,0,0,0,0,0,0,4
13,0,literal,"[1, 0, 0]",8.281581293595435,D,D,1,0,0,0,0,0,0
13,1,inferential,"[0, 1, 0]",8.930296569606336,A,B,0,1,0,0,0,0,0
13,2,inferential,"[0, 1, 0]",9.418657000508436,B,B,1,0,0,0,1,0,0
13,3,inferential,"[0, 1, 0]",8.986986090029994,D,C,0,0,0,1,1,0,0
13,4,inferential,"[0, 1, 0]",9.014710410853871,A,A,1,0,0,1,2,0,0
13,5,inferential,"[0, 1, 0]",9.40224051539958,A,A,1,0,0,2,2,0,0
13,6,literal,"[1, 0, 0]",8.599516274509805,B,B,1,0,0,3,2,0,0
13,7,critical,"[0, 0, 1]",9.381757705161776,B,D,0,1,0,0,0,0,0
13,8,inferential,"[0, 1, 0]",9.49525004529942,B,B,1,0,0,0,0,0,1
13,9,literal,"[1, 0, 0]",8.431689417989418,C,A,0,0,0,1,0,0,0
13,10,literal,"[1, 0, 0]",8.431689417989418,A,C,0,0,1,0,0,0,0
13,11,critical,"[0, 0, 1]",9.683797540643393,C,C,1,0,2,0,0,0,0
13,12,inferential,"[0, 1, 0]",9.617674180239577,D,D,1,0,0,0,0,1,0
13,13,literal,"[1, 0, 0]",9.809334489693313,B,A,0,0,0,1,0,0,0
13,14,literal,"[1, 0, 0]",9.809334489693313,B,B,1,0,1,0,0,0,0
13,15,critical,"[0, 0, 1]",10.601314473197025,B,B,1,1,1,0,0,0,0
13,16,critical,"[0, 0, 1]",9.534300459978933,D,C,0,0,0,0,0,1,0
13,17,critical,"[0, 0, 1]",9.476997295932037,B,C,0,0,0,0,0,1,1
13,18,critical,"[0, 0, 1]",9.817301953532693,A,B,0,0,0,0,0,1,2
13,19,inferential,"[0, 1, 0]",9.964473565718272,A,D,0,0,0,0,0,1,3
14,0,literal,"[1, 0, 0]",8.281581293595435,C,D,0,0,0,0,0,0,0
14,1,inferential,"[0, 1, 0]",8.930296569606336,D,B,0,0,1,0,0,0,0
14,2,inferential,"[0, 1, 0]",9.418657000508436,C,B,0,0,0,0,1,0,0
14,3,inferential,"[0, 1, 0]",8.986986090029994,C,C,1,0,0,0,2,0,0
14,4,inferential,"[0, 1, 0]",9.014710410853871,A,A,1,0,0,1,2,0,0
14,5,inferential,"[0, 1, 0]",9.40224051539958,B,A,0,0,0,2,2,0,0
14,6,literal,"[1, 0, 0]",8.599516274509805,C,B,0,0,0,2,3,0,0
14,7,critical,"[0, 0, 1]",9.381757705161776,B,D,0,0,1,0,0,0,0
14,8,inferential,"[0, 1, 0]",9.49525004529942,A,B,0,0,0,0,0,0,1
14,9,literal,"[1, 0, 0]",8.431689417989418,C,A,0,0,0,0,1,0,0
14,10,literal,"[1, 0, 0]",8.431689417989418,C,C,1,0,1,0,0,0,0
14,11,critical,"[0, 0, 1]",9.683797540643393,A,C,0,1,1,0,0,0,0
14,12,inferential,"[0, 1, 0]",9.617674180239577,A,D,0,0,0,0,0,0,1
14,13,literal,"[1, 0, 0]",9.809334489693313,B,A,0,0,0,0,1,0,0
14,14,literal,"[1, 0, 0]",9.809334489693313,B,B,1,0,1,0,0,0,0
14,15,critical,"[0, 0, 1]",10.601314473197025,C,B,0,1,1,0,0,0,0
14,16,critical,"[0, 0, 1]",9.534300459978933,D,C,0,0,0,0,0,0,1
14,17,critical,"[0, 0, 1]",9.476997295932037,B,C,0,0,0,0,0,0,2
14,18,critical,"[0, 0, 1]",9.817301953532693,D,B,0,0,0,0,0,0,3
14,19,inferential,"[0, 1, 0]",9.964473565718272,D,D,1,0,0,0,0,0,4
15,0,literal,"[1, 0, 0]",8.281581293595435,D,D,1,0,0,0,0,0,0
15,1,inferential,"[0, 1, 0]",8.930296569606336,B,B,1,1,0,0,0,0,0
15,2,inferential,"[0, 1, 0]",9.418657000508436,B,B,1,0,0,1,0,0,0
15,3,inferential,"[0, 1, 0]",8.986986090029994,A,C,0,0,0,2,0,0,0
15,4,inferential,"[0, 1, 0]",9.014710410853871,C,A,0,0,0,2,1,0,0
15,5,inferential,"[0, 1, 0]",9.40224051539958,B,A,0,0,0,2,2,0,0
15,6,literal,"[1, 0, 0]",8.599516274509805,B,B,1,0,0,2,3,0,0
15,7,critical,"[0, 0, 1]",9.381757705161776,B,D,0,1,0,0,0,0,0
15,8,inferential,"[0, 1, 0]",9.49525004529942,A,B,0,0,0,0,0,0,1
15,9,literal,"[1, 0, 0]",8.431689417989418,A,A,1,0,0,0,1,0,0
15,10,literal,"[1, 0, 0]",8.431689417989418,D,C,0,1,0,0,0,0,0
15,11,critical,"[0, 0, 1]",9.683797540643393,C,C,1,1,1,0,0,0,0
15,12,inferential,"[0, 1, 0]",9.617674180239577,D,D,1,0,0,0,0,1,0
15,13,literal,"[1, 0, 0]",9.809334489693313,A,A,1,0,0,1,0,0,0
15,14,literal,"[1, 0, 0]",9.809334489693313,B,B,1,1,0,0,0,0,0
15,15,critical,"[0, 0, 1]",10.601314473197025,A,B,0,2,0,0,0,0,0
15,16,critical,"[0, 0, 1]",9.534300459978933,D,C,0,0,0,0,0,0,1
15,17,critical,"[0, 0, 1]",9.476997295932037,A,C,0,0,0,0,0,0,2
15,18,critical,"[0, 0, 1]",9.817301953532693,D,B,0,0,0,0,0,0,3
15,19,inferential,"[0, 1, 0]",9.964473565718272,D,D,1,0,0,0,0,0,4
16,0,literal,"[1, 0, 0]",8.281581293595435,D,D,1,0,0,0,0,0,0
16,1,inferential,"[0, 1, 0]",8.930296569606336,B,B,1,1,0,0,0,0,0
16,2,inferential,"[0, 1, 0]",9.418657000508436,D,B,0,0,0,1,0,0,0
16,3,inferential,"[0, 1, 0]",8.986986090029994,C,C,1,0,0,1,1,0,0
16,4,inferential,"[0, 1, 0]",9.014710410853871,A,A,1,0,0,2,1,0,0
16,5,inferential,"[0, 1, 0]",9.40224051539958,B,A,0,0,0,3,1,0,0
16,6,literal,"[1, 0, 0]",8.599516274509805,B,B,1,0,0,3,2,0,0
16,7,critical,"[0, 0, 1]",9.381757705161776,B,D,0,1,0,0,0,0,0
16,8,inferential,"[0, 1, 0]",9.49525004529942,A,B,0,0,0,0,0,0,1
16,9,literal,"[1, 0, 0]",8.431689417989418,B,A,0,0,0,0,1,0,0
16,10,literal,"[1, 0, 0]",8.431689417989418,A,C,0,0,1,0,0,0,0
16,11,critical,"[0, 0, 1]",9.683797540643393,A,C,0,0,2,0,0,0,0
16,12,inferential,"[0, 1, 0]",9.617674180239577,A,D,0,0,0,0,0,0,1
16,13,literal,"[1, 0, 0]",9.809334489693313,A,A,1,0,0,0,1,0,0
16,14,literal,"[1, 0, 0]",9.809334489693313,A,B,0,1,0,0,0,0,0
16,15,critical,"[0, 0, 1]",10.601314473197025,B,B,1,1,1,0,0,0,0
16,16,critical,"[0, 0, 1]",9.534300459978933,D,C,0,0,0,0,0,1,0
16,17,critical,"[0, 0, 1]",9.476997295932037,B,C,0,0,0,0,0,1,1
16,18,critical,"[0, 0, 1]",9.817301953532693,D,B,0,0,0,0,0,1,2
16,19,inferential,"[0, 1, 0]",9.964473565718272,D,D,1,0,0,0,0,1,3
17,0,literal,"[1, 0, 0]",8.281581293595435,D,D,1,0,0,0,0,0,0
17,1,inferential,"[0, 1, 0]",8.930296569606336,B,B,1,1,0,0,0,0,0
17,2,inferential,"[0, 1, 0]",9.418657000508436,B,B,1,0,0,1,0,0,0
17,3,inferential,"[0, 1, 0]",8.986986090029994,C,C,1,0,0,2,0,0,0
17,4,inferential,"[0, 1, 0]",9.014710410853871,A,A,1,0,0,3,0,0,0
17,5,inferential,"[0, 1, 0]",9.40224051539958,B,A,0,0,0,4,0,0,0
17,6,literal,"[1, 0, 0]",8.599516274509805,B,B,1,0,0,4,1,0,0
17,7,critical,"[0, 0, 1]",9.381757705161776,A,D,0,1,0,0,0,0,0
17,8,inferential,"[0, 1, 0]",9.49525004529942,C,B,0,0,0,0,0,0,1
17,9,literal,"[1, 0, 0]",8.431689417989418,B,A,0,0,0,0,1,0,0
17,10,literal,"[1, 0, 0]",8.431689417989418,C,C,1,0,1,0,0,0,0
17,11,critical,"[0, 0, 1]",9.683797540643393,B,C,0,1,1,0,0,0,0
17,12,inferential,"[0, 1, 0]",9.617674180239577,A,D,0,0,0,0,0,0,1
17,13,literal,"[1, 0, 0]",9.809334489693313,C,A,0,0,0,0,1,0,0
17,14,literal,"[1, 0, 0]",9.809334489693313,D,B,0,0,1,0,0,0,0
17,15,critical,"[0, 0, 1]",10.601314473197025,D,B,0,0,2,0,0,0,0
17,16,critical,"[0, 0, 1]",9.534300459978933,D,C,0,0,0,0,0,0,1
17,17,critical,"[0, 0, 1]",9.476997295932037,B,C,0,0,0,0,0,0,2
17,18,critical,"[0, 0, 1]",9.817301953532693,C,B,0,0,0,0,0,0,3
17,19,inferential,"[0, 1, 0]",9.964473565718272,A,D,0,0,0,0,0,0,4
18,0,literal,"[1, 0, 0]",8.281581293595435,A,D,0,0,0,0,0,0,0
18,1,inferential,"[0, 1, 0]",8.930296569606336,B,B,1,0,1,0,0,0,0
18,2,inferential,"[0, 1, 0]",9.418657000508436,B,B,1,0,0,1,0,0,0
18,3,inferential,"[0, 1, 0]",8.986986090029994,C,C,1,0,0,2,0,0,0
18,4,inferential,"[0, 1, 0]",9.014710410853871,B,A,0,0,0,3,0,0,0
18,5,inferential,"[0, 1, 0]",9.40224051539958,A,A,1,0,0,3,1,0,0
18,6,literal,"[1, 0, 0]",8.599516274509805,B,B,1,0,0,4,1,0,0
18,7,critical,"[0, 0, 1]",9.381757705161776,B,D,0,1,0,0,0,0,0
18,8,inferential,"[0, 1, 0]",9.49525004529942,A,B,0,0,0,0,0,0,1
18,9,literal,"[1, 0, 0]",8.431689417989418,D,A,0,0,0,0,1,0,0
18,10,literal,"[1, 0, 0]",8.431689417989418,B,C,0,0,1,0,0,0,0
18,11,critical,"[0, 0, 1]",9.683797540643393,A,C,0,0,2,0,0,0,0
18,12,inferential,"[0, 1, 0]",9.617674180239577,A,D,0,0,0,0,0,0,1
18,13,literal,"[1, 0, 0]",9.809334489693313,A,A,1,0,0,0,1,0,0
18,14,literal,"[1, 0, 0]",9.809334489693313,A,B,0,1,0,0,0,0,0
18,15,critical,"[0, 0, 1]",10.601314473197025,B,B,1,1,1,0,0,0,0
18,16,critical,"[0, 0, 1]",9.534300459978933,D,C,0,0,0,0,0,1,0
18,17,critical,"[0, 0, 1]",9.476997295932037,B,C,0,0,0,0,0,1,1
18,18,critical,"[0, 0, 1]",9.817301953532693,B,B,1,0,0,0,0,1,2
18,19,inferential,"[0, 1, 0]",9.964473565718272,B,D,0,0,0,0,0,2,2
19,0,literal,"[1, 0, 0]",8.281581293595435,D,D,1,0,0,0,0,0,0
19,1,inferential,"[0, 1, 0]",8.930296569606336,D,B,0,1,0,0,0,0,0
19,2,inferential,"[0, 1, 0]",9.418657000508436,C,B,0,0,0,0,1,0,0
19,3,inferential,"[0, 1, 0]",8.986986090029994,A,C,0,0,0,0,2,0,0
19,4,inferential,"[0, 1, 0]",9.014710410853871,B,A,0,0,0,0,3,0,0
19,5,inferential,"[0, 1, 0]",9.40224051539958,A,A,1,0,0,0,4,0,0
19,6,literal,"[1, 0, 0]",8.599516274509805,B,B,1,0,0,1,4,0,0
19,7,critical,"[0, 0, 1]",9.381757705161776,A,D,0,1,0,0,0,0,0
19,8,inferential,"[0, 1, 0]",9.49525004529942,A,B,0,0,0,0,0,0,1
19,9,literal,"[1, 0, 0]",8.431689417989418,D,A,0,0,0,0,1,0,0
19,10,literal,"[1, 0, 0]",8.431689417989418,C,C,1,0,1,0,0,0,0
19,11,critical,"[0, 0, 1]",9.683797540643393,B,C,0,1,1,0,0,0,0
19,12,inferential,"[0, 1, 0]",9.617674180239577,A,D,0,0,0,0,0,0,1
19,13,literal,"[1, 0, 0]",9.809334489693313,B,A,0,0,0,0,1,0,0
19,14,literal,"[1, 0, 0]",9.809334489693313,A,B,0,0,1,0,0,0,0
19,15,critical,"[0, 0, 1]",10.601314473197025,A,B,0,0,2,0,0,0,0
19,16,critical,"[0, 0, 1]",9.534300459978933,A,C,0,0,0,0,0,0,1
19,17,critical,"[0, 0, 1]",9.476997295932037,A,C,0,0,0,0,0,0,2
19,18,critical,"[0, 0, 1]",9.817301953532693,D,B,0,0,0,0,0,0,3
19,19,inferential,"[0, 1, 0]",9.964473565718272,D,D,1,0,0,0,0,0,4
20,0,literal,"[1, 0, 0]",8.281581293595435,D,D,1,0,0,0,0,0,0
20,1,inferential,"[0, 1, 0]",8.930296569606336,B,B,1,1,0,0,0,0,0
20,2,inferential,"[0, 1, 0]",9.418657000508436,B,B,1,0,0,1,0,0,0
20,3,inferential,"[0, 1, 0]",8.986986090029994,A,C,0,0,0,2,0,0,0
20,4,inferential,"[0, 1, 0]",9.014710410853871,A,A,1,0,0,2,1,0,0
20,5,inferential,"[0, 1, 0]",9.40224051539958,A,A,1,0,0,3,1,0,0
20,6,literal,"[1, 0, 0]",8.599516274509805,C,B,0,0,0,4,1,0,0
20,7,critical,"[0, 0, 1]",9.381757705161776,B,D,0,0,1,0,0,0,0
20,8,inferential,"[0, 1, 0]",9.49525004529942,A,B,0,0,0,0,0,0,1
20,9,literal,"[1, 0, 0]",8.431689417989418,C,A,0,0,0,0,1,0,0
20,10,literal,"[1, 0, 0]",8.431689417989418,D,C,0,0,1,0,0,0,0
20,11,critical,"[0, 0, 1]",9.683797540643393,A,C,0,0,2,0,0,0,0
20,12,inferential,"[0, 1, 0]",9.617674180239577,A,D,0,0,0,0,0,0,1
20,13,literal,"[1, 0, 0]",9.809334489693313,B,A,0,0,0,0,1,0,0
20,14,literal,"[1, 0, 0]",9.809334489693313,A,B,0,0,1,0,0,0,0
20,15,critical,"[0, 0, 1]",10.601314473197025,A,B,0,0,2,0,0,0,0
20,16,critical,"[0, 0, 1]",9.534300459978933,C,C,1,0,0,0,0,0,1
20,17,critical,"[0, 0, 1]",9.476997295932037,C,C,1,0,0,0,0,1,1
20,18,critical,"[0, 0, 1]",9.817301953532693,D,B,0,0,0,0,0,2,1
20,19,inferential,"[0, 1, 0]",9.964473565718272,B,D,0,0,0,0,0,2,2
21,0,literal,"[1, 0, 0]",8.281581293595435,D,D,1,0,0,0,0,0,0
21,1,inferential,"[0, 1, 0]",8.930296569606336,A,B,0,1,0,0,0,0,0
21,2,inferential,"[0, 1, 0]",9.418657000508436,B,B,1,0,0,0,1,0,0
21,3,inferential,"[0, 1, 0]",8.986986090029994,C,C,1,0,0,1,1,0,0
21,4,inferential,"[0, 1, 0]",9.014710410853871,A,A,1,0,0,2,1,0,0
21,5,inferential,"[0, 1, 0]",9.40224051539958,B,A,0,0,0,3,1,0,0
21,6,literal,"[1, 0, 0]",8.599516274509805,B,B,1,0,0,3,2,0,0
21,7,critical,"[0, 0, 1]",9.381757705161776,A,D,0,1,0,0,0,0,0
21,8,inferential,"[0, 1, 0]",9.49525004529942,C,B,0,0,0,0,0,0,1
21,9,literal,"[1, 0, 0]",8.431689417989418,D,A,0,0,0,0,1,0,0
21,10,literal,"[1, 0, 0]",8.431689417989418,A,C,0,0,1,0,0,0,0
21,11,critical,"[0, 0, 1]",9.683797540643393,A,C,0,0,2,0,0,0,0
21,12,inferential,"[0, 1, 0]",9.617674180239577,A,D,0,0,0,0,0,0,1
21,13,literal,"[1, 0, 0]",9.809334489693313,A,A,1,0,0,0,1,0,0
21,14,literal,"[1, 0, 0]",9.809334489693313,B,B,1,1,0,0,0,0,0
21,15,critical,"[0, 0, 1]",10.601314473197025,A,B,0,2,0,0,0,0,0
21,16,critical,"[0, 0, 1]",9.534300459978933,D,C,0,0,0,0,0,0,1
21,17,critical,"[0, 0, 1]",9.476997295932037,C,C,1,0,0,0,0,0,2
21,18,critical,"[0, 0, 1]",9.817301953532693,C,B,0,0,0,0,0,1,2
21,19,inferential,"[0, 1, 0]",9.964473565718272,B,D,0,0,0,0,0,1,3
22,0,literal,"[1, 0, 0]",8.281581293595435,D,D,1,0,0,0,0,0,0
22,1,inferential,"[0, 1, 0]",8.930296569606336,B,B,1,1,0,0,0,0,0
22,2,inferential,"[0, 1, 0]",9.418657000508436,A,B,0,0,0,1,0,0,0
22,3,inferential,"[0, 1, 0]",8.986986090029994,A,C,0,0,0,1,1,0,0
22,4,inferential,"[0, 1, 0]",9.014710410853871,A,A,1,0,0,1,2,0,0
22,5,inferential,"[0, 1, 0]",9.40224051539958,B,A,0,0,0,2,2,0,0
22,6,literal,"[1, 0, 0]",8.599516274509805,B,B,1,0,0,2,3,0,0
22,7,critical,"[0, 0, 1]",9.381757705161776,B,D,0,1,0,0,0,0,0
22,8,inferential,"[0, 1, 0]",9.49525004529942,C,B,0,0,0,0,0,0,1
22,9,literal,"[1, 0, 0]",8.431689417989418,D,A,0,0,0,0,1,0,0
22,10,literal,"[1, 0, 0]",8.431689417989418,A,C,0,0,1,0,0,0,0
22,11,critical,"[0, 0, 1]",9.683797540643393,A,C,0,0,2,0,0,0,0
22,12,inferential,"[0, 1, 0]",9.617674180239577,B,D,0,0,0,0,0,0,1
22,13,literal,"[1, 0, 0]",9.809334489693313,C,A,0,0,0,0,1,0,0
22,14,literal,"[1, 0, 0]",9.809334489693313,A,B,0,0,1,0,0,0,0
22,15,critical,"[0, 0, 1]",10.601314473197025,A,B,0,0,2,0,0,0,0
22,16,critical,"[0, 0, 1]",9.534300459978933,D,C,0,0,0,0,0,0,1
22,17,critical,"[0, 0, 1]",9.476997295932037,C,C,1,0,0,0,0,0,2
22,18,critical,"[0, 0, 1]",9.817301953532693,A,B,0,0,0,0,0,1,2
22,19,inferential,"[0, 1, 0]",9.964473565718272,B,D,0,0,0,0,0,1,3
23,0,literal,"[1, 0, 0]",8.281581293595435,C,D,0,0,0,0,0,0,0
23,1,inferential,"[0, 1, 0]",8.930296569606336,D,B,0,0,1,0,0,0,0
23,2,inferential,"[0, 1, 0]",9.418657000508436,D,B,0,0,0,0,1,0,0
23,3,inferential,"[0, 1, 0]",8.986986090029994,A,C,0,0,0,0,2,0,0
23,4,inferential,"[0, 1, 0]",9.014710410853871,C,A,0,0,0,0,3,0,0
23,5,inferential,"[0, 1, 0]",9.40224051539958,D,A,0,0,0,0,4,0,0
23,6,literal,"[1, 0, 0]",8.599516274509805,B,B,1,0,0,0,5,0,0
23,7,critical,"[0, 0, 1]",9.381757705161776,A,D,0,1,0,0,0,0,0
23,8,inferential,"[0, 1, 0]",9.49525004529942,B,B,1,0,0,0,0,0,1
23,9,literal,"[1, 0, 0]",8.431689417989418,C,A,0,0,0,1,0,0,0
23,10,literal,"[1, 0, 0]",8.431689417989418,A,C,0,0,1,0,0,0,0
23,11,critical,"[0, 0, 1]",9.683797540643393,C,C,1,0,2,0,0,0,0
23,12,inferential,"[0, 1, 0]",9.617674180239577,B,D,0,0,0,0,0,1,0
23,13,literal,"[1, 0, 0]",9.809334489693313,B,A,0,0,0,0,1,0,0
23,14,literal,"[1, 0, 0]",9.809334489693313,D,B,0,0,1,0,0,0,0
23,15,critical,"[0, 0, 1]",10.601314473197025,A,B,0,0,2,0,0,0,0
23,16,critical,"[0, 0, 1]",9.534300459978933,B,C,0,0,0,0,0,0,1
23,17,critical,"[0, 0, 1]",9.476997295932037,B,C,0,0,0,0,0,0,2
23,18,critical,"[0, 0, 1]",9.817301953532693,C,B,0,0,0,0,0,0,3
23,19,inferential,"[0, 1, 0]",9.964473565718272,C,D,0,0,0,0,0,0,4
24,0,literal,"[1, 0, 0]",8.281581293595435,A,D,0,0,0,0,0,0,0
24,1,inferential,"[0, 1, 0]",8.930296569606336,B,B,1,0,1,0,0,0,0
24,2,inferential,"[0, 1, 0]",9.418657000508436,B,B,1,0,0,1,0,0,0
24,3,inferential,"[0, 1, 0]",8.986986090029994,C,C,1,0,0,2,0,0,0
24,4,inferential,"[0, 1, 0]",9.014710410853871,B,A,0,0,0,3,0,0,0
24,5,inferential,"[0, 1, 0]",9.40224051539958,C,A,0,0,0,3,1,0,0
24,6,literal,"[1, 0, 0]",8.599516274509805,B,B,1,0,0,3,2,0,0
24,7,critical,"[0, 0, 1]",9.381757705161776,A,D,0,1,0,0,0,0,0
24,8,inferential,"[0, 1, 0]",9.49525004529942,C,B,0,0,0,0,0,0,1
24,9,literal,"[1, 0, 0]",8.431689417989418,A,A,1,0,0,0,1,0,0
24,10,literal,"[1, 0, 0]",8.431689417989418,A,C,0,1,0,0,0,0,0
24,11,critical,"[0, 0, 1]",9.683797540643393,B,C,0,1,1,0,0,0,0
24,12,inferential,"[0, 1, 0]",9.617674180239577,C,D,0,0,0,0,0,0,1
24,13,literal,"[1, 0, 0]",9.809334489693313,B,A,0,0,0,0,1,0,0
24,14,literal,"[1, 0, 0]",9.809334489693313,C,B,0,0,1,0,0,0,0
24,15,critical,"[0, 0, 1]",10.601314473197025,A,B,0,0,2,0,0,0,0
24,16,critical,"[0, 0, 1]",9.534300459978933,C,C,1,0,0,0,0,0,1
24,17,critical,"[0, 0, 1]",9.476997295932037,B,C,0,0,0,0,0,1,1
24,18,critical,"[0, 0, 1]",9.817301953532693,B,B,1,0,0,0,0,1,2
24,19,inferential,"[0, 1, 0]",9.964473565718272,B,D,0,0,0,0,0,2,2
25,0,literal,"[1, 0, 0]",8.281581293595435,D,D,1,0,0,0,0,0,0
25,1,inferential,"[0, 1, 0]",8.930296569606336,A,B,0,1,0,0,0,0,0
25,2,inferential,"[0, 1, 0]",9.418657000508436,B,B,1,0,0,0,1,0,0
25,3,inferential,"[0, 1, 0]",8.986986090029994,C,C,1,0,0,1,1,0,0
25,4,inferential,"[0, 1, 0]",9.014710410853871,C,A,0,0,0,2,1,0,0
25,5,inferential,"[0, 1, 0]",9.40224051539958,A,A,1,0,0,2,2,0,0
25,6,literal,"[1, 0, 0]",8.599516274509805,A,B,0,0,0,3,2,0,0
25,7,critical,"[0, 0, 1]",9.381757705161776,A,D,0,0,1,0,0,0,0
25,8,inferential,"[0, 1, 0]",9.49525004529942,C,B,0,0,0,0,0,0,1
25,9,literal,"[1, 0, 0]",8.431689417989418,B,A,0,0,0,0,1,0,0
25,10,literal,"[1, 0, 0]",8.431689417989418,A,C,0,0,1,0,0,0,0
25,11,critical,"[0, 0, 1]",9.683797540643393,D,C,0,0,2,0,0,0,0
25,12,inferential,"[0, 1, 0]",9.617674180239577,A,D,0,0,0,0,0,0,1
25,13,literal,"[1, 0, 0]",9.809334489693313,C,A,0,0,0,0,1,0,0
25,14,literal,"[1, 0, 0]",9.809334489693313,B,B,1,0,1,0,0,0,0
25,15,critical,"[0, 0, 1]",10.601314473197025,D,B,0,1,1,0,0,0,0
25,16,critical,"[0, 0, 1]",9.534300459978933,D,C,0,0,0,0,0,0,1
25,17,critical,"[0, 0, 1]",9.476997295932037,A,C,0,0,0,0,0,0,2
25,18,critical,"[0, 0, 1]",9.817301953532693,C,B,0,0,0,0,0,0,3
25,19,inferential,"[0, 1, 0]",9.964473565718272,A,D,0,0,0,0,0,0,4
26,0,literal,"[1, 0, 0]",8.281581293595435,B,D,0,0,0,0,0,0,0
26,1,inferential,"[0, 1, 0]",8.930296569606336,D,B,0,0,1,0,0,0,0
26,2,inferential,"[0, 1, 0]",9.418657000508436,A,B,0,0,0,0,1,0,0
26,3,inferential,"[0, 1, 0]",8.986986090029994,C,C,1,0,0,0,2,0,0
26,4,inferential,"[0, 1, 0]",9.014710410853871,B,A,0,0,0,1,2,0,0
26,5,inferential,"[0, 1, 0]",9.40224051539958,A,A,1,0,0,1,3,0,0
26,6,literal,"[1, 0, 0]",8.599516274509805,D,B,0,0,0,2,3,0,0
26,7,critical,"[0, 0, 1]",9.381757705161776,D,D,1,0,1,0,0,0,0
26,8,inferential,"[0, 1, 0]",9.49525004529942,C,B,0,0,0,0,0,1,0
26,9,literal,"[1, 0, 0]",8.431689417989418,C,A,0,0,0,0,1,0,0
26,10,literal,"[1, 0, 0]",8.431689417989418,D,C,0,0,1,0,0,0,0
26,11,critical,"[0, 0, 1]",9.683797540643393,A,C,0,0,2,0,0,0,0
26,12,inferential,"[0, 1, 0]",9.617674180239577,B,D,0,0,0,0,0,0,1
26,13,literal,"[1, 0, 0]",9.809334489693313,D,A,0,0,0,0,1,0,0
26,14,literal,"[1, 0, 0]",9.809334489693313,B,B,1,0,1,0,0,0,0
26,15,critical,"[0, 0, 1]",10.601314473197025,B,B,1,1,1,0,0,0,0
26,16,critical,"[0, 0, 1]",9.534300459978933,A,C,0,0,0,0,0,1,0
26,17,critical,"[0, 0, 1]",9.476997295932037,A,C,0,0,0,0,0,1,1
26,18,critical,"[0, 0, 1]",9.817301953532693,D,B,0,0,0,0,0,1,2
26,19,inferential,"[0, 1, 0]",9.964473565718272,C,D,0,0,0,0,0,1,3
27,0,literal,"[1, 0, 0]",8.281581293595435,D,D,1,0,0,0,0,0,0
27,1,inferential,"[0, 1, 0]",8.930296569606336,B,B,1,1,0,0,0,0,0
27,2,inferential,"[0, 1, 0]",9.418657000508436,A,B,0,0,0,1,0,0,0
27,3,inferential,"[0, 1, 0]",8.986986090029994,C,C,1,0,0,1,1,0,0
27,4,inferential,"[0, 1, 0]",9.014710410853871,A,A,1,0,0,2,1,0,0
27,5,inferential,"[0, 1, 0]",9.40224051539958,B,A,0,0,0,3,1,0,0
27,6,literal,"[1, 0, 0]",8.599516274509805,B,B,1,0,0,3,2,0,0
27,7,critical,"[0, 0, 1]",9.381757705161776,B,D,0,1,0,0,0,0,0
27,8,inferential,"[0, 1, 0]",9.49525004529942,B,B,1,0,0,0,0,0,1
27,9,literal,"[1, 0, 0]",8.431689417989418,C,A,0,0,0,1,0,0,0
27,10,literal,"[1, 0, 0]",8.431689417989418,B,C,0,0,1,0,0,0,0
27,11,critical,"[0, 0, 1]",9.683797540643393,B,C,0,0,2,0,0,0,0
27,12,inferential,"[0, 1, 0]",9.617674180239577,A,D,0,0,0,0,0,0,1
27,13,literal,"[1, 0, 0]",9.809334489693313,A,A,1,0,0,0,1,0,0
27,14,literal,"[1, 0, 0]",9.809334489693313,B,B,1,1,0,0,0,0,0
27,15,critical,"[0, 0, 1]",10.601314473197025,B,B,1,2,0,0,0,0,0
27,16,critical,"[0, 0, 1]",9.534300459978933,A,C,0,0,0,0,0,1,0
27,17,critical,"[0, 0, 1]",9.476997295932037,A,C,0,0,0,0,0,1,1
27,18,critical,"[0, 0, 1]",9.817301953532693,B,B,1,0,0,0,0,1,2
27,19,inferential,"[0, 1, 0]",9.964473565718272,D,D,1,0,0,0,0,2,2
28,0,literal,"[1, 0, 0]",8.281581293595435,C,D,0,0,0,0,0,0,0
28,1,inferential,"[0, 1, 0]",8.930296569606336,B,B,1,0,1,0,0,0,0
28,2,inferential,"[0, 1, 0]",9.418657000508436,C,B,0,0,0,1,0,0,0
28,3,inferential,"[0, 1, 0]",8.986986090029994,A,C,0,0,0,1,1,0,0
28,4,inferential,"[0, 1, 0]",9.014710410853871,B,A,0,0,0,1,2,0,0
28,5,inferential,"[0, 1, 0]",9.40224051539958,D,A,0,0,0,1,3,0,0
28,6,literal,"[1, 0, 0]",8.599516274509805,B,B,1,0,0,1,4,0,0
28,7,critical,"[0, 0, 1]",9.381757705161776,B,D,0,1,0,0,0,0,0
28,8,inferential,"[0, 1, 0]",9.49525004529942,A,B,0,0,0,0,0,0,1
28,9,literal,"[1, 0, 0]",8.431689417989418,C,A,0,0,0,0,1,0,0
28,10,literal,"[1, 0, 0]",8.431689417989418,A,C,0,0,1,0,0,0,0
28,11,critical,"[0, 0, 1]",9.683797540643393,D,C,0,0,2,0,0,0,0
28,12,inferential,"[0, 1, 0]",9.617674180239577,D,D,1,0,0,0,0,0,1
28,13,literal,"[1, 0, 0]",9.809334489693313,B,A,0,0,0,1,0,0,0
28,14,literal,"[1, 0, 0]",9.809334489693313,C,B,0,0,1,0,0,0,0
28,15,critical,"[0, 0, 1]",10.601314473197025,A,B,0,0,2,0,0,0,0
28,16,critical,"[0, 0, 1]",9.534300459978933,C,C,1,0,0,0,0,0,1
28,17,critical,"[0, 0, 1]",9.476997295932037,D,C,0,0,0,0,0,1,1
28,18,critical,"[0, 0, 1]",9.817301953532693,B,B,1,0,0,0,0,1,2
28,19,inferential,"[0, 1, 0]",9.964473565718272,A,D,0,0,0,0,0,2,2
29,0,literal,"[1, 0, 0]",8.281581293595435,D,D,1,0,0,0,0,0,0
29,1,inferential,"[0, 1, 0]",8.930296569606336,B,B,1,1,0,0,0,0,0
29,2,inferential,"[0, 1, 0]",9.418657000508436,B,B,1,0,0,1,0,0,0
29,3,inferential,"[0, 1, 0]",8.986986090029994,C,C,1,0,0,2,0,0,0
29,4,inferential,"[0, 1, 0]",9.014710410853871,A,A,1,0,0,3,0,0,0
29,5,inferential,"[0, 1, 0]",9.40224051539958,B,A,0,0,0,4,0,0,0
29,6,literal,"[1, 0, 0]",8.599516274509805,B,B,1,0,0,4,1,0,0
29,7,critical,"[0, 0, 1]",9.381757705161776,B,D,0,1,0,0,0,0,0
29,8,inferential,"[0, 1, 0]",9.49525004529942,D,B,0,0,0,0,0,0,1
29,9,literal,"[1, 0, 0]",8.431689417989418,A,A,1,0,0,0,1,0,0
29,10,literal,"[1, 0, 0]",8.431689417989418,A,C,0,1,0,0,0,0,0
29,11,critical,"[0, 0, 1]",9.683797540643393,A,C,0,1,1,0,0,0,0
29,12,inferential,"[0, 1, 0]",9.617674180239577,D,D,1,0,0,0,0,0,1
29,13,literal,"[1, 0, 0]",9.809334489693313,A,A,1,0,0,1,0,0,0
29,14,literal,"[1, 0, 0]",9.809334489693313,A,B,0,1,0,0,0,0,0
29,15,critical,"[0, 0, 1]",10.601314473197025,C,B,0,1,1,0,0,0,0
29,16,critical,"[0, 0, 1]",9.534300459978933,D,C,0,0,0,0,0,0,1
29,17,critical,"[0, 0, 1]",9.476997295932037,B,C,0,0,0,0,0,0,2
29,18,critical,"[0, 0, 1]",9.817301953532693,D,B,0,0,0,0,0,0,3
29,19,inferential,"[0, 1, 0]",9.964473565718272,B,D,0,0,0,0,0,0,4
30,0,literal,"[1, 0, 0]",8.281581293595435,D,D,1,0,0,0,0,0,0
30,1,inferential,"[0, 1, 0]",8.930296569606336,A,B,0,1,0,0,0,0,0
30,2,inferential,"[0, 1, 0]",9.418657000508436,D,B,0,0,0,0,1,0,0
30,3,inferential,"[0, 1, 0]",8.986986090029994,C,C,1,0,0,0,2,0,0
30,4,inferential,"[0, 1, 0]",9.014710410853871,A,A,1,0,0,1,2,0,0
30,5,inferential,"[0, 1, 0]",9.40224051539958,D,A,0,0,0,2,2,0,0
30,6,literal,"[1, 0, 0]",8.599516274509805,C,B,0,0,0,2,3,0,0
30,7,critical,"[0, 0, 1]",9.381757705161776,B,D,0,0,1,0,0,0,0
30,8,inferential,"[0, 1, 0]",9.49525004529942,B,B,1,0,0,0,0,0,1
30,9,literal,"[1, 0, 0]",8.431689417989418,B,A,0,0,0,1,0,0,0
30,10,literal,"[1, 0, 0]",8.431689417989418,A,C,0,0,1,0,0,0,0
30,11,critical,"[0, 0, 1]",9.683797540643393,A,C,0,0,2,0,0,0,0
30,12,inferential,"[0, 1, 0]",9.617674180239577,D,D,1,0,0,0,0,0,1
30,13,literal,"[1, 0, 0]",9.809334489693313,A,A,1,0,0,1,0,0,0
30,14,literal,"[1, 0, 0]",9.809334489693313,A,B,0,1,0,0,0,0,0
30,15,critical,"[0, 0, 1]",10.601314473197025,C,B,0,1,1,0,0,0,0
30,16,critical,"[0, 0, 1]",9.534300459978933,D,C,0,0,0,0,0,0,1
30,17,critical,"[0, 0, 1]",9.476997295932037,B,C,0,0,0,0,0,0,2
30,18,critical,"[0, 0, 1]",9.817301953532693,D,B,0,0,0,0,0,0,3
30,19,inferential,"[0, 1, 0]",9.964473565718272,B,D,0,0,0,0,0,0,4
31,0,literal,"[1, 0, 0]",8.281581293595435,D,D,1,0,0,0,0,0,0
31,1,inferential,"[0, 1, 0]",8.930296569606336,C,B,0,1,0,0,0,0,0
31,2,inferential,"[0, 1, 0]",9.418657000508436,D,B,0,0,0,0,1,0,0
31,3,inferential,"[0, 1, 0]",8.986986090029994,A,C,0,0,0,0,2,0,0
31,4,inferential,"[0, 1, 0]",9.014710410853871,A,A,1,0,0,0,3,0,0
31,5,inferential,"[0, 1, 0]",9.40224051539958,A,A,1,0,0,1,3,0,0
31,6,literal,"[1, 0, 0]",8.599516274509805,B,B,1,0,0,2,3,0,0
31,7,critical,"[0, 0, 1]",9.381757705161776,D,D,1,1,0,0,0,0,0
31,8,inferential,"[0, 1, 0]",9.49525004529942,D,B,0,0,0,0,0,1,0
31,9,literal,"[1, 0, 0]",8.431689417989418,C,A,0,0,0,0,1,0,0
31,10,literal,"[1, 0, 0]",8.431689417989418,B,C,0,0,1,0,0,0,0
31,11,critical,"[0, 0, 1]",9.683797540643393,A,C,0,0,2,0,0,0,0
31,12,inferential,"[0, 1, 0]",9.617674180239577,A,D,0,0,0,0,0,0,1
31,13,literal,"[1, 0, 0]",9.809334489693313,B,A,0,0,0,0,1,0,0
31,14,literal,"[1, 0, 0]",9.809334489693313,A,B,0,0,1,0,0,0,0
31,15,critical,"[0, 0, 1]",10.601314473197025,D,B,0,0,2,0,0,0,0
31,16,critical,"[0, 0, 1]",9.534300459978933,A,C,0,0,0,0,0,0,1
31,17,critical,"[0, 0, 1]",9.476997295932037,A,C,0,0,0,0,0,0,2
31,18,critical,"[0, 0, 1]",9.817301953532693,C,B,0,0,0,0,0,0,3
31,19,inferential,"[0, 1, 0]",9.964473565718272,D,D,1,0,0,0,0,0,4
32,0,literal,"[1, 0, 0]",8.281581293595435,D,D,1,0,0,0,0,0,0
32,1,inferential,"[0, 1, 0]",8.930296569606336,A,B,0,1,0,0,0,0,0
32,2,inferential,"[0, 1, 0]",9.418657000508436,B,B,1,0,0,0,1,0,0
32,3,inferential,"[0, 1, 0]",8.986986090029994,B,C,0,0,0,1,1,0,0
32,4,inferential,"[0, 1, 0]",9.014710410853871,D,A,0,0,0,1,2,0,0
32,5,inferential,"[0, 1, 0]",9.40224051539958,A,A,1,0,0,1,3,0,0
32,6,literal,"[1, 0, 0]",8.599516274509805,B,B,1,0,0,2,3,0,0
32,7,critical,"[0, 0, 1]",9.381757705161776,B,D,0,1,0,0,0,0,0
32,8,inferential,"[0, 1, 0]",9.49525004529942,A,B,0,0,0,0,0,0,1
32,9,literal,"[1, 0, 0]",8.431689417989418,C,A,0,0,0,0,1,0,0
32,10,literal,"[1, 0, 0]",8.431689417989418,A,C,0,0,1,0,0,0,0
32,11,critical,"[0, 0, 1]",9.683797540643393,A,C,0,0,2,0,0,0,0
32,12,inferential,"[0, 1, 0]",9.617674180239577,D,D,1,0,0,0,0,0,1
32,13,literal,"[1, 0, 0]",9.809334489693313,A,A,1,0,0,1,0,0,0
32,14,literal,"[1, 0, 0]",9.809334489693313,B,B,1,1,0,0,0,0,0
32,15,critical,"[0, 0, 1]",10.601314473197025,A,B,0,2,0,0,0,0,0
32,16,critical,"[0, 0, 1]",9.534300459978933,D,C,0,0,0,0,0,0,1
32,17,critical,"[0, 0, 1]",9.476997295932037,A,C,0,0,0,0,0,0,2
32,18,critical,"[0, 0, 1]",9.817301953532693,D,B,0,0,0,0,0,0,3
32,19,inferential,"[0, 1, 0]",9.964473565718272,D,D,1,0,0,0,0,0,4
33,0,literal,"[1, 0, 0]",8.281581293595435,C,D,0,0,0,0,0,0,0
33,1,inferential,"[0, 1, 0]",8.930296569606336,A,B,0,0,1,0,0,0,0
33,2,inferential,"[0, 1, 0]",9.418657000508436,A,B,0,0,0,0,1,0,0
33,3,inferential,"[0, 1, 0]",8.986986090029994,A,C,0,0,0,0,2,0,0
33,4,inferential,"[0, 1, 0]",9.014710410853871,A,A,1,0,0,0,3,0,0
33,5,inferential,"[0, 1, 0]",9.40224051539958,A,A,1,0,0,1,3,0,0
33,6,literal,"[1, 0, 0]",8.599516274509805,B,B,1,0,0,2,3,0,0
33,7,critical,"[0, 0, 1]",9.381757705161776,C,D,0,1,0,0,0,0,0
33,8,inferential,"[0, 1, 0]",9.49525004529942,C,B,0,0,0,0,0,0,1
33,9,literal,"[1, 0, 0]",8.431689417989418,B,A,0,0,0,0,1,0,0
33,10,literal,"[1, 0, 0]",8.431689417989418,A,C,0,0,1,0,0,0,0
33,11,critical,"[0, 0, 1]",9.683797540643393,A,C,0,0,2,0,0,0,0
33,12,inferential,"[0, 1, 0]",9.617674180239577,,D,0,0,0,0,0,0,1
33,13,literal,"[1, 0, 0]",9.809334489693313,B,A,0,0,0,0,1,0,0
33,14,literal,"[1, 0, 0]",9.809334489693313,C,B,0,0,1,0,0,0,0
33,15,critical,"[0, 0, 1]",10.601314473197025,A,B,0,0,2,0,0,0,0
33,16,critical,"[0, 0, 1]",9.534300459978933,B,C,0,0,0,0,0,0,1
33,17,critical,"[0, 0, 1]",9.476997295932037,B,C,0,0,0,0,0,0,2
33,18,critical,"[0, 0, 1]",9.817301953532693,C,B,0,0,0,0,0,0,3
33,19,inferential,"[0, 1, 0]",9.964473565718272,C,D,0,0,0,0,0,0,4
34,0,literal,"[1, 0, 0]",8.281581293595435,B,D,0,0,0,0,0,0,0
34,1,inferential,"[0, 1, 0]",8.930296569606336,B,B,1,0,1,0,0,0,0
34,2,inferential,"[0, 1, 0]",9.418657000508436,A,B,0,0,0,1,0,0,0
34,3,inferential,"[0, 1, 0]",8.986986090029994,C,C,1,0,0,1,1,0,0
34,4,inferential,"[0, 1, 0]",9.014710410853871,B,A,0,0,0,2,1,0,0
34,5,inferential,"[0, 1, 0]",9.40224051539958,D,A,0,0,0,2,2,0,0
34,6,literal,"[1, 0, 0]",8.599516274509805,A,B,0,0,0,2,3,0,0
34,7,critical,"[0, 0, 1]",9.381757705161776,C,D,0,0,1,0,0,0,0
34,8,inferential,"[0, 1, 0]",9.49525004529942,C,B,0,0,0,0,0,0,1
34,9,literal,"[1, 0, 0]",8.431689417989418,C,A,0,0,0,0,1,0,0
34,10,literal,"[1, 0, 0]",8.431689417989418,D,C,0,0,1,0,0,0,0
34,11,critical,"[0, 0, 1]",9.683797540643393,A,C,0,0,2,0,0,0,0
34,12,inferential,"[0, 1, 0]",9.617674180239577,B,D,0,0,0,0,0,0,1
34,13,literal,"[1, 0, 0]",9.809334489693313,D,A,0,0,0,0,1,0,0
34,14,literal,"[1, 0, 0]",9.809334489693313,,B,0,0,1,0,0,0,0
34,15,critical,"[0, 0, 1]",10.601314473197025,B,B,1,0,2,0,0,0,0
34,16,critical,"[0, 0, 1]",9.534300459978933,A,C,0,0,0,0,0,1,0
34,17,critical,"[0, 0, 1]",9.476997295932037,B,C,0,0,0,0,0,1,1
34,18,critical,"[0, 0, 1]",9.817301953532693,A,B,0,0,0,0,0,1,2
34,19,inferential,"[0, 1, 0]",9.964473565718272,D,D,1,0,0,0,0,1,3
35,0,literal,"[1, 0, 0]",8.281581293595435,A,D,0,0,0,0,0,0,0
35,1,inferential,"[0, 1, 0]",8.930296569606336,B,B,1,0,1,0,0,0,0
35,2,inferential,"[0, 1, 0]",9.418657000508436,B,B,1,0,0,1,0,0,0
35,3,inferential,"[0, 1, 0]",8.986986090029994,B,C,0,0,0,2,0,0,0
35,4,inferential,"[0, 1, 0]",9.014710410853871,B,A,0,0,0,2,1,0,0
35,5,inferential,"[0, 1, 0]",9.40224051539958,A,A,1,0,0,2,2,0,0
35,6,literal,"[1, 0, 0]",8.599516274509805,B,B,1,0,0,3,2,0,0
35,7,critical,"[0, 0, 1]",9.381757705161776,D,D,1,1,0,0,0,0,0
35,8,inferential,"[0, 1, 0]",9.49525004529942,A,B,0,0,0,0,0,1,0
35,9,literal,"[1, 0, 0]",8.431689417989418,C,A,0,0,0,0,1,0,0
35,10,literal,"[1, 0, 0]",8.431689417989418,B,C,0,0,1,0,0,0,0
35,11,critical,"[0, 0, 1]",9.683797540643393,A,C,0,0,2,0,0,0,0
35,12,inferential,"[0, 1, 0]",9.617674180239577,A,D,0,0,0,0,0,0,1
35,13,literal,"[1, 0, 0]",9.809334489693313,B,A,0,0,0,0,1,0,0
35,14,literal,"[1, 0, 0]",9.809334489693313,C,B,0,0,1,0,0,0,0
35,15,critical,"[0, 0, 1]",10.601314473197025,A,B,0,0,2,0,0,0,0
35,16,critical,"[0, 0, 1]",9.534300459978933,D,C,0,0,0,0,0,0,1
35,17,critical,"[0, 0, 1]",9.476997295932037,B,C,0,0,0,0,0,0,2
35,18,critical,"[0, 0, 1]",9.817301953532693,A,B,0,0,0,0,0,0,3
35,19,inferential,"[0, 1, 0]",9.964473565718272,B,D,0,0,0,0,0,0,4
36,0,literal,"[1, 0, 0]",8.281581293595435,D,D,1,0,0,0,0,0,0
36,1,inferential,"[0, 1, 0]",8.930296569606336,C,B,0,1,0,0,0,0,0
36,2,inferential,"[0, 1, 0]",9.418657000508436,C,B,0,0,0,0,1,0,0
36,3,inferential,"[0, 1, 0]",8.986986090029994,D,C,0,0,0,0,2,0,0
36,4,inferential,"[0, 1, 0]",9.014710410853871,B,A,0,0,0,0,3,0,0
36,5,inferential,"[0, 1, 0]",9.40224051539958,D,A,0,0,0,0,4,0,0
36,6,literal,"[1, 0, 0]",8.599516274509805,C,B,0,0,0,0,5,0,0
36,7,critical,"[0, 0, 1]",9.381757705161776,A,D,0,0,1,0,0,0,0
36,8,inferential,"[0, 1, 0]",9.49525004529942,D,B,0,0,0,0,0,0,1
36,9,literal,"[1, 0, 0]",8.431689417989418,A,A,1,0,0,0,1,0,0
36,10,literal,"[1, 0, 0]",8.431689417989418,C,C,1,1,0,0,0,0,0
36,11,critical,"[0, 0, 1]",9.683797540643393,A,C,0,2,0,0,0,0,0
36,12,inferential,"[0, 1, 0]",9.617674180239577,A,D,0,0,0,0,0,0,1
36,13,literal,"[1, 0, 0]",9.809334489693313,D,A,0,0,0,0,1,0,0
36,14,literal,"[1, 0, 0]",9.809334489693313,D,B,0,0,1,0,0,0,0
36,15,critical,"[0, 0, 1]",10.601314473197025,A,B,0,0,2,0,0,0,0
36,16,critical,"[0, 0, 1]",9.534300459978933,C,C,1,0,0,0,0,0,1
36,17,critical,"[0, 0, 1]",9.476997295932037,D,C,0,0,0,0,0,1,1
36,18,critical,"[0, 0, 1]",9.817301953532693,A,B,0,0,0,0,0,1,2
36,19,inferential,"[0, 1, 0]",9.964473565718272,B,D,0,0,0,0,0,1,3
37,0,literal,"[1, 0, 0]",8.281581293595435,D,D,1,0,0,0,0,0,0
37,1,inferential,"[0, 1, 0]",8.930296569606336,C,B,0,1,0,0,0,0,0
37,2,inferential,"[0, 1, 0]",9.418657000508436,C,B,0,0,0,0,1,0,0
37,3,inferential,"[0, 1, 0]",8.986986090029994,A,C,0,0,0,0,2,0,0
37,4,inferential,"[0, 1, 0]",9.014710410853871,B,A,0,0,0,0,3,0,0
37,5,inferential,"[0, 1, 0]",9.40224051539958,B,A,0,0,0,0,4,0,0
37,6,literal,"[1, 0, 0]",8.599516274509805,D,B,0,0,0,0,5,0,0
37,7,critical,"[0, 0, 1]",9.381757705161776,A,D,0,0,1,0,0,0,0
37,8,inferential,"[0, 1, 0]",9.49525004529942,A,B,0,0,0,0,0,0,1
37,9,literal,"[1, 0, 0]",8.431689417989418,D,A,0,0,0,0,1,0,0
37,10,literal,"[1, 0, 0]",8.431689417989418,C,C,1,0,1,0,0,0,0
37,11,critical,"[0, 0, 1]",9.683797540643393,B,C,0,1,1,0,0,0,0
37,12,inferential,"[0, 1, 0]",9.617674180239577,A,D,0,0,0,0,0,0,1
37,13,literal,"[1, 0, 0]",9.809334489693313,B,A,0,0,0,0,1,0,0
37,14,literal,"[1, 0, 0]",9.809334489693313,A,B,0,0,1,0,0,0,0
37,15,critical,"[0, 0, 1]",10.601314473197025,A,B,0,0,2,0,0,0,0
37,16,critical,"[0, 0, 1]",9.534300459978933,A,C,0,0,0,0,0,0,1
37,17,critical,"[0, 0, 1]",9.476997295932037,C,C,1,0,0,0,0,0,2
37,18,critical,"[0, 0, 1]",9.817301953532693,A,B,0,0,0,0,0,1,2
37,19,inferential,"[0, 1, 0]",9.964473565718272,D,D,1,0,0,0,0,1,3
38,0,literal,"[1, 0, 0]",8.281581293595435,D,D,1,0,0,0,0,0,0
38,1,inferential,"[0, 1, 0]",8.930296569606336,C,B,0,1,0,0,0,0,0
38,2,inferential,"[0, 1, 0]",9.418657000508436,C,B,0,0,0,0,1,0,0
38,3,inferential,"[0, 1, 0]",8.986986090029994,A,C,0,0,0,0,2,0,0
38,4,inferential,"[0, 1, 0]",9.014710410853871,A,A,1,0,0,0,3,0,0
38,5,inferential,"[0, 1, 0]",9.40224051539958,A,A,1,0,0,1,3,0,0
38,6,literal,"[1, 0, 0]",8.599516274509805,B,B,1,0,0,2,3,0,0
38,7,critical,"[0, 0, 1]",9.381757705161776,B,D,0,1,0,0,0,0,0
38,8,inferential,"[0, 1, 0]",9.49525004529942,B,B,1,0,0,0,0,0,1
38,9,literal,"[1, 0, 0]",8.431689417989418,C,A,0,0,0,1,0,0,0
38,10,literal,"[1, 0, 0]",8.431689417989418,B,C,0,0,1,0,0,0,0
38,11,critical,"[0, 0, 1]",9.683797540643393,A,C,0,0,2,0,0,0,0
38,12,inferential,"[0, 1, 0]",9.617674180239577,B,D,0,0,0,0,0,0,1
38,13,literal,"[1, 0, 0]",9.809334489693313,C,A,0,0,0,0,1,0,0
38,14,literal,"[1, 0, 0]",9.809334489693313,C,B,0,0,1,0,0,0,0
38,15,critical,"[0, 0, 1]",10.601314473197025,C,B,0,0,2,0,0,0,0
38,16,critical,"[0, 0, 1]",9.534300459978933,A,C,0,0,0,0,0,0,1
38,17,critical,"[0, 0, 1]",9.476997295932037,C,C,1,0,0,0,0,0,2
38,18,critical,"[0, 0, 1]",9.817301953532693,D,B,0,0,0,0,0,1,2
38,19,inferential,"[0, 1, 0]",9.964473565718272,B,D,0,0,0,0,0,1,3
39,0,literal,"[1, 0, 0]",8.281581293595435,B,D,0,0,0,0,0,0,0
39,1,inferential,"[0, 1, 0]",8.930296569606336,B,B,1,0,1,0,0,0,0
39,2,inferential,"[0, 1, 0]",9.418657000508436,D,B,0,0,0,1,0,0,0
39,3,inferential,"[0, 1, 0]",8.986986090029994,A,C,0,0,0,1,1,0,0
39,4,inferential,"[0, 1, 0]",9.014710410853871,A,A,1,0,0,1,2,0,0
39,5,inferential,"[0, 1, 0]",9.40224051539958,A,A,1,0,0,2,2,0,0
39,6,literal,"[1, 0, 0]",8.599516274509805,B,B,1,0,0,3,2,0,0
39,7,critical,"[0, 0, 1]",9.381757705161776,D,D,1,1,0,0,0,0,0
39,8,inferential,"[0, 1, 0]",9.49525004529942,B,B,1,0,0,0,0,1,0
39,9,literal,"[1, 0, 0]",8.431689417989418,C,A,0,0,0,1,0,0,0
39,10,literal,"[1, 0, 0]",8.431689417989418,B,C,0,0,1,0,0,0,0
39,11,critical,"[0, 0, 1]",9.683797540643393,A,C,0,0,2,0,0,0,0
39,12,inferential,"[0, 1, 0]",9.617674180239577,C,D,0,0,0,0,0,0,1
39,13,literal,"[1, 0, 0]",9.809334489693313,D,A,0,0,0,0,1,0,0
39,14,literal,"[1, 0, 0]",9.809334489693313,C,B,0,0,1,0,0,0,0
39,15,critical,"[0, 0, 1]",10.601314473197025,A,B,0,0,2,0,0,0,0
39,16,critical,"[0, 0, 1]",9.534300459978933,B,C,0,0,0,0,0,0,1
39,17,critical,"[0, 0, 1]",9.476997295932037,C,C,1,0,0,0,0,0,2
39,18,critical,"[0, 0, 1]",9.817301953532693,B,B,1,0,0,0,0,1,2
39,19,inferential,"[0, 1, 0]",9.964473565718272,D,D,1,0,0,0,0,2,2
40,0,literal,"[1, 0, 0]",8.281581293595435,D,D,1,0,0,0,0,0,0
40,1,inferential,"[0, 1, 0]",8.930296569606336,B,B,1,1,0,0,0,0,0
40,2,inferential,"[0, 1, 0]",9.418657000508436,C,B,0,0,0,1,0,0,0
40,3,inferential,"[0, 1, 0]",8.986986090029994,C,C,1,0,0,1,1,0,0
40,4,inferential,"[0, 1, 0]",9.014710410853871,A,A,1,0,0,2,1,0,0
40,5,inferential,"[0, 1, 0]",9.40224051539958,A,A,1,0,0,3,1,0,0
40,6,literal,"[1, 0, 0]",8.599516274509805,B,B,1,0,0,4,1,0,0
40,7,critical,"[0, 0, 1]",9.381757705161776,D,D,1,1,0,0,0,0,0
40,8,inferential,"[0, 1, 0]",9.49525004529942,D,B,0,0,0,0,0,1,0
40,9,literal,"[1, 0, 0]",8.431689417989418,C,A,0,0,0,0,1,0,0
40,10,literal,"[1, 0, 0]",8.431689417989418,A,C,0,0,1,0,0,0,0
40,11,critical,"[0, 0, 1]",9.683797540643393,C,C,1,0,2,0,0,0,0
40,12,inferential,"[0, 1, 0]",9.617674180239577,A,D,0,0,0,0,0,1,0
40,13,literal,"[1, 0, 0]",9.809334489693313,D,A,0,0,0,0,1,0,0
40,14,literal,"[1, 0, 0]",9.809334489693313,B,B,1,0,1,0,0,0,0
40,15,critical,"[0, 0, 1]",10.601314473197025,C,B,0,1,1,0,0,0,0
40,16,critical,"[0, 0, 1]",9.534300459978933,A,C,0,0,0,0,0,0,1
40,17,critical,"[0, 0, 1]",9.476997295932037,D,C,0,0,0,0,0,0,2
40,18,critical,"[0, 0, 1]",9.817301953532693,B,B,1,0,0,0,0,0,3
40,19,inferential,"[0, 1, 0]",9.964473565718272,C,D,0,0,0,0,0,1,3
41,0,literal,"[1, 0, 0]",8.281581293595435,D,D,1,0,0,0,0,0,0
41,1,inferential,"[0, 1, 0]",8.930296569606336,B,B,1,1,0,0,0,0,0
41,2,inferential,"[0, 1, 0]",9.418657000508436,D,B,0,0,0,1,0,0,0
41,3,inferential,"[0, 1, 0]",8.986986090029994,A,C,0,0,0,1,1,0,0
41,4,inferential,"[0, 1, 0]",9.014710410853871,A,A,1,0,0,1,2,0,0
41,5,inferential,"[0, 1, 0]",9.40224051539958,A,A,1,0,0,2,2,0,0
41,6,literal,"[1, 0, 0]",8.599516274509805,C,B,0,0,0,3,2,0,0
41,7,critical,"[0, 0, 1]",9.381757705161776,B,D,0,0,1,0,0,0,0
41,8,inferential,"[0, 1, 0]",9.49525004529942,D,B,0,0,0,0,0,0,1
41,9,literal,"[1, 0, 0]",8.431689417989418,C,A,0,0,0,0,1,0,0
41,10,literal,"[1, 0, 0]",8.431689417989418,B,C,0,0,1,0,0,0,0
41,11,critical,"[0, 0, 1]",9.683797540643393,A,C,0,0,2,0,0,0,0
41,12,inferential,"[0, 1, 0]",9.617674180239577,B,D,0,0,0,0,0,0,1
41,13,literal,"[1, 0, 0]",9.809334489693313,A,A,1,0,0,0,1,0,0
41,14,literal,"[1, 0, 0]",9.809334489693313,D,B,0,1,0,0,0,0,0
41,15,critical,"[0, 0, 1]",10.601314473197025,A,B,0,1,1,0,0,0,0
41,16,critical,"[0, 0, 1]",9.534300459978933,C,C,1,0,0,0,0,0,1
41,17,critical,"[0, 0, 1]",9.476997295932037,B,C,0,0,0,0,0,1,1
41,18,critical,"[0, 0, 1]",9.817301953532693,D,B,0,0,0,0,0,1,2
41,19,inferential,"[0, 1, 0]",9.964473565718272,A,D,0,0,0,0,0,1,3
42,0,literal,"[1, 0, 0]",8.281581293595435,D,D,1,0,0,0,0,0,0
42,1,inferential,"[0, 1, 0]",8.930296569606336,B,B,1,1,0,0,0,0,0
42,2,inferential,"[0, 1, 0]",9.418657000508436,C,B,0,0,0,1,0,0,0
42,3,inferential,"[0, 1, 0]",8.986986090029994,A,C,0,0,0,1,1,0,0
42,4,inferential,"[0, 1, 0]",9.014710410853871,A,A,1,0,0,1,2,0,0
42,5,inferential,"[0, 1, 0]",9.40224051539958,A,A,1,0,0,2,2,0,0
42,6,literal,"[1, 0, 0]",8.599516274509805,A,B,0,0,0,3,2,0,0
42,7,critical,"[0, 0, 1]",9.381757705161776,D,D,1,0,1,0,0,0,0
42,8,inferential,"[0, 1, 0]",9.49525004529942,D,B,0,0,0,0,0,1,0
42,9,literal,"[1, 0, 0]",8.431689417989418,C,A,0,0,0,0,1,0,0
42,10,literal,"[1, 0, 0]",8.431689417989418,D,C,0,0,1,0,0,0,0
42,11,critical,"[0, 0, 1]",9.683797540643393,A,C,0,0,2,0,0,0,0
42,12,inferential,"[0, 1, 0]",9.617674180239577,B,D,0,0,0,0,0,0,1
42,13,literal,"[1, 0, 0]",9.809334489693313,C,A,0,0,0,0,1,0,0
42,14,literal,"[1, 0, 0]",9.809334489693313,B,B,1,0,1,0,0,0,0
42,15,critical,"[0, 0, 1]",10.601314473197025,,B,0,1,1,0,0,0,0
42,16,critical,"[0, 0, 1]",9.534300459978933,,C,0,0,0,0,0,0,1
42,17,critical,"[0, 0, 1]",9.476997295932037,C,C,1,0,0,0,0,0,2
42,18,critical,"[0, 0, 1]",9.817301953532693,B,B,1,0,0,0,0,1,2
42,19,inferential,"[0, 1, 0]",9.964473565718272,C,D,0,0,0,0,0,2,2
43,0,literal,"[1, 0, 0]",8.281581293595435,C,D,0,0,0,0,0,0,0
43,1,inferential,"[0, 1, 0]",8.930296569606336,B,B,1,0,1,0,0,0,0
43,2,inferential,"[0, 1, 0]",9.418657000508436,C,B,0,0,0,1,0,0,0
43,3,inferential,"[0, 1, 0]",8.986986090029994,A,C,0,0,0,1,1,0,0
43,4,inferential,"[0, 1, 0]",9.014710410853871,B,A,0,0,0,1,2,0,0
43,5,inferential,"[0, 1, 0]",9.40224051539958,D,A,0,0,0,1,3,0,0
43,6,literal,"[1, 0, 0]",8.599516274509805,B,B,1,0,0,1,4,0,0
43,7,critical,"[0, 0, 1]",9.381757705161776,B,D,0,1,0,0,0,0,0
43,8,inferential,"[0, 1, 0]",9.49525004529942,A,B,0,0,0,0,0,0,1
43,9,literal,"[1, 0, 0]",8.431689417989418,C,A,0,0,0,0,1,0,0
43,10,literal,"[1, 0, 0]",8.431689417989418,A,C,0,0,1,0,0,0,0
43,11,critical,"[0, 0, 1]",9.683797540643393,D,C,0,0,2,0,0,0,0
43,12,inferential,"[0, 1, 0]",9.617674180239577,B,D,0,0,0,0,0,0,1
43,13,literal,"[1, 0, 0]",9.809334489693313,D,A,0,0,0,0,1,0,0
43,14,literal,"[1, 0, 0]",9.809334489693313,B,B,1,0,1,0,0,0,0
43,15,critical,"[0, 0, 1]",10.601314473197025,A,B,0,1,1,0,0,0,0
43,16,critical,"[0, 0, 1]",9.534300459978933,D,C,0,0,0,0,0,0,1
43,17,critical,"[0, 0, 1]",9.476997295932037,,C,0,0,0,0,0,0,2
43,18,critical,"[0, 0, 1]",9.817301953532693,B,B,1,0,0,0,0,0,3
43,19,inferential,"[0, 1, 0]",9.964473565718272,D,D,1,0,0,0,0,1,3
44,0,literal,"[1, 0, 0]",8.281581293595435,D,D,1,0,0,0,0,0,0
44,1,inferential,"[0, 1, 0]",8.930296569606336,C,B,0,1,0,0,0,0,0
44,2,inferential,"[0, 1, 0]",9.418657000508436,B,B,1,0,0,0,1,0,0
44,3,inferential,"[0, 1, 0]",8.986986090029994,A,C,0,0,0,1,1,0,0
44,4,inferential,"[0, 1, 0]",9.014710410853871,A,A,1,0,0,1,2,0,0
44,5,inferential,"[0, 1, 0]",9.40224051539958,B,A,0,0,0,2,2,0,0
44,6,literal,"[1, 0, 0]",8.599516274509805,B,B,1,0,0,2,3,0,0
44,7,critical,"[0, 0, 1]",9.381757705161776,A,D,0,1,0,0,0,0,0
44,8,inferential,"[0, 1, 0]",9.49525004529942,C,B,0,0,0,0,0,0,1
44,9,literal,"[1, 0, 0]",8.431689417989418,B,A,0,0,0,0,1,0,0
44,10,literal,"[1, 0, 0]",8.431689417989418,A,C,0,0,1,0,0,0,0
44,11,critical,"[0, 0, 1]",9.683797540643393,B,C,0,0,2,0,0,0,0
44,12,inferential,"[0, 1, 0]",9.617674180239577,D,D,1,0,0,0,0,0,1
44,13,literal,"[1, 0, 0]",9.809334489693313,C,A,0,0,0,1,0,0,0
44,14,literal,"[1, 0, 0]",9.809334489693313,B,B,1,0,1,0,0,0,0
44,15,critical,"[0, 0, 1]",10.601314473197025,B,B,1,1,1,0,0,0,0
44,16,critical,"[0, 0, 1]",9.534300459978933,D,C,0,0,0,0,0,1,0
44,17,critical,"[0, 0, 1]",9.476997295932037,B,C,0,0,0,0,0,1,1
44,18,critical,"[0, 0, 1]",9.817301953532693,C,B,0,0,0,0,0,1,2
44,19,inferential,"[0, 1, 0]",9.964473565718272,D,D,1,0,0,0,0,1,3
45,0,literal,"[1, 0, 0]",8.281581293595435,D,D,1,0,0,0,0,0,0
45,1,inferential,"[0, 1, 0]",8.930296569606336,C,B,0,1,0,0,0,0,0
45,2,inferential,"[0, 1, 0]",9.418657000508436,D,B,0,0,0,0,1,0,0
45,3,inferential,"[0, 1, 0]",8.986986090029994,C,C,1,0,0,0,2,0,0
45,4,inferential,"[0, 1, 0]",9.014710410853871,A,A,1,0,0,1,2,0,0
45,5,inferential,"[0, 1, 0]",9.40224051539958,B,A,0,0,0,2,2,0,0
45,6,literal,"[1, 0, 0]",8.599516274509805,B,B,1,0,0,2,3,0,0
45,7,critical,"[0, 0, 1]",9.381757705161776,B,D,0,1,0,0,0,0,0
45,8,inferential,"[0, 1, 0]",9.49525004529942,A,B,0,0,0,0,0,0,1
45,9,literal,"[1, 0, 0]",8.431689417989418,B,A,0,0,0,0,1,0,0
45,10,literal,"[1, 0, 0]",8.431689417989418,D,C,0,0,1,0,0,0,0
45,11,critical,"[0, 0, 1]",9.683797540643393,A,C,0,0,2,0,0,0,0
45,12,inferential,"[0, 1, 0]",9.617674180239577,A,D,0,0,0,0,0,0,1
45,13,literal,"[1, 0, 0]",9.809334489693313,C,A,0,0,0,0,1,0,0
45,14,literal,"[1, 0, 0]",9.809334489693313,A,B,0,0,1,0,0,0,0
45,15,critical,"[0, 0, 1]",10.601314473197025,A,B,0,0,2,0,0,0,0
45,16,critical,"[0, 0, 1]",9.534300459978933,,C,0,0,0,0,0,0,1
45,17,critical,"[0, 0, 1]",9.476997295932037,B,C,0,0,0,0,0,0,2
45,18,critical,"[0, 0, 1]",9.817301953532693,C,B,0,0,0,0,0,0,3
45,19,inferential,"[0, 1, 0]",9.964473565718272,D,D,1,0,0,0,0,0,4
46,0,literal,"[1, 0, 0]",8.281581293595435,C,D,0,0,0,0,0,0,0
46,1,inferential,"[0, 1, 0]",8.930296569606336,A,B,0,0,1,0,0,0,0
46,2,inferential,"[0, 1, 0]",9.418657000508436,D,B,0,0,0,0,1,0,0
46,3,inferential,"[0, 1, 0]",8.986986090029994,A,C,0,0,0,0,2,0,0
46,4,inferential,"[0, 1, 0]",9.014710410853871,A,A,1,0,0,0,3,0,0
46,5,inferential,"[0, 1, 0]",9.40224051539958,C,A,0,0,0,1,3,0,0
46,6,literal,"[1, 0, 0]",8.599516274509805,B,B,1,0,0,1,4,0,0
46,7,critical,"[0, 0, 1]",9.381757705161776,A,D,0,1,0,0,0,0,0
46,8,inferential,"[0, 1, 0]",9.49525004529942,B,B,1,0,0,0,0,0,1
46,9,literal,"[1, 0, 0]",8.431689417989418,C,A,0,0,0,1,0,0,0
46,10,literal,"[1, 0, 0]",8.431689417989418,B,C,0,0,1,0,0,0,0
46,11,critical,"[0, 0, 1]",9.683797540643393,B,C,0,0,2,0,0,0,0
46,12,inferential,"[0, 1, 0]",9.617674180239577,A,D,0,0,0,0,0,0,1
46,13,literal,"[1, 0, 0]",9.809334489693313,B,A,0,0,0,0,1,0,0
46,14,literal,"[1, 0, 0]",9.809334489693313,A,B,0,0,1,0,0,0,0
46,15,critical,"[0, 0, 1]",10.601314473197025,D,B,0,0,2,0,0,0,0
46,16,critical,"[0, 0, 1]",9.534300459978933,D,C,0,0,0,0,0,0,1
46,17,critical,"[0, 0, 1]",9.476997295932037,B,C,0,0,0,0,0,0,2
46,18,critical,"[0, 0, 1]",9.817301953532693,D,B,0,0,0,0,0,0,3
46,19,inferential,"[0, 1, 0]",9.964473565718272,D,D,1,0,0,0,0,0,4
47,0,literal,"[1, 0, 0]",8.281581293595435,D,D,1,0,0,0,0,0,0
47,1,inferential,"[0, 1, 0]",8.930296569606336,B,B,1,1,0,0,0,0,0
47,2,inferential,"[0, 1, 0]",9.418657000508436,B,B,1,0,0,1,0,0,0
47,3,inferential,"[0, 1, 0]",8.986986090029994,C,C,1,0,0,2,0,0,0
47,4,inferential,"[0, 1, 0]",9.014710410853871,A,A,1,0,0,3,0,0,0
47,5,inferential,"[0, 1, 0]",9.40224051539958,B,A,0,0,0,4,0,0,0
47,6,literal,"[1, 0, 0]",8.599516274509805,B,B,1,0,0,4,1,0,0
47,7,critical,"[0, 0, 1]",9.381757705161776,D,D,1,1,0,0,0,0,0
47,8,inferential,"[0, 1, 0]",9.49525004529942,C,B,0,0,0,0,0,1,0
47,9,literal,"[1, 0, 0]",8.431689417989418,B,A,0,0,0,0,1,0,0
47,10,literal,"[1, 0, 0]",8.431689417989418,A,C,0,0,1,0,0,0,0
47,11,critical,"[0, 0, 1]",9.683797540643393,A,C,0,0,2,0,0,0,0
47,12,inferential,"[0, 1, 0]",9.617674180239577,A,D,0,0,0,0,0,0,1
47,13,literal,"[1, 0, 0]",9.809334489693313,C,A,0,0,0,0,1,0,0
47,14,literal,"[1, 0, 0]",9.809334489693313,B,B,1,0,1,0,0,0,0
47,15,critical,"[0, 0, 1]",10.601314473197025,A,B,0,1,1,0,0,0,0
47,16,critical,"[0, 0, 1]",9.534300459978933,A,C,0,0,0,0,0,0,1
47,17,critical,"[0, 0, 1]",9.476997295932037,C,C,1,0,0,0,0,0,2
47,18,critical,"[0, 0, 1]",9.817301953532693,C,B,0,0,0,0,0,1,2
47,19,inferential,"[0, 1, 0]",9.964473565718272,D,D,1,0,0,0,0,1,3
48,0,literal,"[1, 0, 0]",8.281581293595435,D,D,1,0,0,0,0,0,0
48,1,inferential,"[0, 1, 0]",8.930296569606336,B,B,1,1,0,0,0,0,0
48,2,inferential,"[0, 1, 0]",9.418657000508436,D,B,0,0,0,1,0,0,0
48,3,inferential,"[0, 1, 0]",8.986986090029994,A,C,0,0,0,1,1,0,0
48,4,inferential,"[0, 1, 0]",9.014710410853871,A,A,1,0,0,1,2,0,0
48,5,inferential,"[0, 1, 0]",9.40224051539958,A,A,1,0,0,2,2,0,0
48,6,literal,"[1, 0, 0]",8.599516274509805,A,B,0,0,0,3,2,0,0
48,7,critical,"[0, 0, 1]",9.381757705161776,B,D,0,0,1,0,0,0,0
48,8,inferential,"[0, 1, 0]",9.49525004529942,D,B,0,0,0,0,0,0,1
48,9,literal,"[1, 0, 0]",8.431689417989418,C,A,0,0,0,0,1,0,0
48,10,literal,"[1, 0, 0]",8.431689417989418,C,C,1,0,1,0,0,0,0
48,11,critical,"[0, 0, 1]",9.683797540643393,A,C,0,1,1,0,0,0,0
48,12,inferential,"[0, 1, 0]",9.617674180239577,C,D,0,0,0,0,0,0,1
48,13,literal,"[1, 0, 0]",9.809334489693313,A,A,1,0,0,0,1,0,0
48,14,literal,"[1, 0, 0]",9.809334489693313,B,B,1,1,0,0,0,0,0
48,15,critical,"[0, 0, 1]",10.601314473197025,D,B,0,2,0,0,0,0,0
48,16,critical,"[0, 0, 1]",9.534300459978933,B,C,0,0,0,0,0,0,1
48,17,critical,"[0, 0, 1]",9.476997295932037,A,C,0,0,0,0,0,0,2
48,18,critical,"[0, 0, 1]",9.817301953532693,B,B,1,0,0,0,0,0,3
48,19,inferential,"[0, 1, 0]",9.964473565718272,C,D,0,0,0,0,0,1,3
49,0,literal,"[1, 0, 0]",8.281581293595435,D,D,1,0,0,0,0,0,0
49,1,inferential,"[0, 1, 0]",8.930296569606336,B,B,1,1,0,0,0,0,0
49,2,inferential,"[0, 1, 0]",9.418657000508436,C,B,0,0,0,1,0,0,0
49,3,inferential,"[0, 1, 0]",8.986986090029994,A,C,0,0,0,1,1,0,0
49,4,inferential,"[0, 1, 0]",9.014710410853871,A,A,1,0,0,1,2,0,0
49,5,inferential,"[0, 1, 0]",9.40224051539958,B,A,0,0,0,2,2,0,0
49,6,literal,"[1, 0, 0]",8.599516274509805,A,B,0,0,0,2,3,0,0
49,7,critical,"[0, 0, 1]",9.381757705161776,D,D,1,0,1,0,0,0,0
49,8,inferential,"[0, 1, 0]",9.49525004529942,A,B,0,0,0,0,0,1,0
49,9,literal,"[1, 0, 0]",8.431689417989418,C,A,0,0,0,0,1,0,0
49,10,literal,"[1, 0, 0]",8.431689417989418,C,C,1,0,1,0,0,0,0
49,11,critical,"[0, 0, 1]",9.683797540643393,D,C,0,1,1,0,0,0,0
49,12,inferential,"[0, 1, 0]",9.617674180239577,B,D,0,0,0,0,0,0,1
49,13,literal,"[1, 0, 0]",9.809334489693313,A,A,1,0,0,0,1,0,0
49,14,literal,"[1, 0, 0]",9.809334489693313,D,B,0,1,0,0,0,0,0
49,15,critical,"[0, 0, 1]",10.601314473197025,A,B,0,1,1,0,0,0,0
49,16,critical,"[0, 0, 1]",9.534300459978933,A,C,0,0,0,0,0,0,1
49,17,critical,"[0, 0, 1]",9.476997295932037,B,C,0,0,0,0,0,0,2
49,18,critical,"[0, 0, 1]",9.817301953532693,C,B,0,0,0,0,0,0,3
49,19,inferential,"[0, 1, 0]",9.964473565718272,D,D,1,0,0,0,0,0,4
50,0,literal,"[1, 0, 0]",8.281581293595435,D,D,1,0,0,0,0,0,0
50,1,inferential,"[0, 1, 0]",8.930296569606336,B,B,1,1,0,0,0,0,0
50,2,inferential,"[0, 1, 0]",9.418657000508436,D,B,0,0,0,1,0,0,0
50,3,inferential,"[0, 1, 0]",8.986986090029994,C,C,1,0,0,1,1,0,0
50,4,inferential,"[0, 1, 0]",9.014710410853871,A,A,1,0,0,2,1,0,0
50,5,inferential,"[0, 1, 0]",9.40224051539958,B,A,0,0,0,3,1,0,0
50,6,literal,"[1, 0, 0]",8.599516274509805,B,B,1,0,0,3,2,0,0
50,7,critical,"[0, 0, 1]",9.381757705161776,B,D,0,1,0,0,0,0,0
50,8,inferential,"[0, 1, 0]",9.49525004529942,C,B,0,0,0,0,0,0,1
50,9,literal,"[1, 0, 0]",8.431689417989418,C,A,0,0,0,0,1,0,0
50,10,literal,"[1, 0, 0]",8.431689417989418,A,C,0,0,1,0,0,0,0
50,11,critical,"[0, 0, 1]",9.683797540643393,C,C,1,0,2,0,0,0,0
50,12,inferential,"[0, 1, 0]",9.617674180239577,A,D,0,0,0,0,0,1,0
50,13,literal,"[1, 0, 0]",9.809334489693313,A,A,1,0,0,0,1,0,0
50,14,literal,"[1, 0, 0]",9.809334489693313,A,B,0,1,0,0,0,0,0
50,15,critical,"[0, 0, 1]",10.601314473197025,A,B,0,1,1,0,0,0,0
50,16,critical,"[0, 0, 1]",9.534300459978933,C,C,1,0,0,0,0,0,1
50,17,critical,"[0, 0, 1]",9.476997295932037,C,C,1,0,0,0,0,1,1
50,18,critical,"[0, 0, 1]",9.817301953532693,C,B,0,0,0,0,0,2,1
50,19,inferential,"[0, 1, 0]",9.964473565718272,D,D,1,0,0,0,0,2,2
51,0,literal,"[1, 0, 0]",8.281581293595435,D,D,1,0,0,0,0,0,0
51,1,inferential,"[0, 1, 0]",8.930296569606336,B,B,1,1,0,0,0,0,0
51,2,inferential,"[0, 1, 0]",9.418657000508436,B,B,1,0,0,1,0,0,0
51,3,inferential,"[0, 1, 0]",8.986986090029994,C,C,1,0,0,2,0,0,0
51,4,inferential,"[0, 1, 0]",9.014710410853871,A,A,1,0,0,3,0,0,0
51,5,inferential,"[0, 1, 0]",9.40224051539958,B,A,0,0,0,4,0,0,0
51,6,literal,"[1, 0, 0]",8.599516274509805,B,B,1,0,0,4,1,0,0
51,7,critical,"[0, 0, 1]",9.381757705161776,D,D,1,1,0,0,0,0,0
51,8,inferential,"[0, 1, 0]",9.49525004529942,C,B,0,0,0,0,0,1,0
51,9,literal,"[1, 0, 0]",8.431689417989418,B,A,0,0,0,0,1,0,0
51,10,literal,"[1, 0, 0]",8.431689417989418,A,C,0,0,1,0,0,0,0
51,11,critical,"[0, 0, 1]",9.683797540643393,A,C,0,0,2,0,0,0,0
51,12,inferential,"[0, 1, 0]",9.617674180239577,D,D,1,0,0,0,0,0,1
51,13,literal,"[1, 0, 0]",9.809334489693313,A,A,1,0,0,1,0,0,0
51,14,literal,"[1, 0, 0]",9.809334489693313,B,B,1,1,0,0,0,0,0
51,15,critical,"[0, 0, 1]",10.601314473197025,A,B,0,2,0,0,0,0,0
51,16,critical,"[0, 0, 1]",9.534300459978933,D,C,0,0,0,0,0,0,1
51,17,critical,"[0, 0, 1]",9.476997295932037,B,C,0,0,0,0,0,0,2
51,18,critical,"[0, 0, 1]",9.817301953532693,D,B,0,0,0,0,0,0,3
51,19,inferential,"[0, 1, 0]",9.964473565718272,D,D,1,0,0,0,0,0,4
52,0,literal,"[1, 0, 0]",8.281581293595435,D,D,1,0,0,0,0,0,0
52,1,inferential,"[0, 1, 0]",8.930296569606336,B,B,1,1,0,0,0,0,0
52,2,inferential,"[0, 1, 0]",9.418657000508436,B,B,1,0,0,1,0,0,0
52,3,inferential,"[0, 1, 0]",8.986986090029994,A,C,0,0,0,2,0,0,0
52,4,inferential,"[0, 1, 0]",9.014710410853871,A,A,1,0,0,2,1,0,0
52,5,inferential,"[0, 1, 0]",9.40224051539958,C,A,0,0,0,3,1,0,0
52,6,literal,"[1, 0, 0]",8.599516274509805,C,B,0,0,0,3,2,0,0
52,7,critical,"[0, 0, 1]",9.381757705161776,D,D,1,0,1,0,0,0,0
52,8,inferential,"[0, 1, 0]",9.49525004529942,B,B,1,0,0,0,0,1,0
52,9,literal,"[1, 0, 0]",8.431689417989418,D,A,0,0,0,1,0,0,0
52,10,literal,"[1, 0, 0]",8.431689417989418,C,C,1,0,1,0,0,0,0
52,11,critical,"[0, 0, 1]",9.683797540643393,A,C,0,1,1,0,0,0,0
52,12,inferential,"[0, 1, 0]",9.617674180239577,D,D,1,0,0,0,0,0,1
52,13,literal,"[1, 0, 0]",9.809334489693313,B,A,0,0,0,1,0,0,0
52,14,literal,"[1, 0, 0]",9.809334489693313,A,B,0,0,1,0,0,0,0
52,15,critical,"[0, 0, 1]",10.601314473197025,B,B,1,0,2,0,0,0,0
52,16,critical,"[0, 0, 1]",9.534300459978933,C,C,1,0,0,0,0,1,0
52,17,critical,"[0, 0, 1]",9.476997295932037,B,C,0,0,0,0,0,2,0
52,18,critical,"[0, 0, 1]",9.817301953532693,C,B,0,0,0,0,0,2,1
52,19,inferential,"[0, 1, 0]",9.964473565718272,A,D,0,0,0,0,0,2,2
53,0,literal,"[1, 0, 0]",8.281581293595435,D,D,1,0,0,0,0,0,0
53,1,inferential,"[0, 1, 0]",8.930296569606336,B,B,1,1,0,0,0,0,0
53,2,inferential,"[0, 1, 0]",9.418657000508436,B,B,1,0,0,1,0,0,0
53,3,inferential,"[0, 1, 0]",8.986986090029994,C,C,1,0,0,2,0,0,0
53,4,inferential,"[0, 1, 0]",9.014710410853871,A,A,1,0,0,3,0,0,0
53,5,inferential,"[0, 1, 0]",9.40224051539958,A,A,1,0,0,4,0,0,0
53,6,literal,"[1, 0, 0]",8.599516274509805,C,B,0,0,0,5,0,0,0
53,7,critical,"[0, 0, 1]",9.381757705161776,D,D,1,0,1,0,0,0,0
53,8,inferential,"[0, 1, 0]",9.49525004529942,D,B,0,0,0,0,0,1,0
53,9,literal,"[1, 0, 0]",8.431689417989418,D,A,0,0,0,0,1,0,0
53,10,literal,"[1, 0, 0]",8.431689417989418,A,C,0,0,1,0,0,0,0
53,11,critical,"[0, 0, 1]",9.683797540643393,A,C,0,0,2,0,0,0,0
53,12,inferential,"[0, 1, 0]",9.617674180239577,D,D,1,0,0,0,0,0,1
53,13,literal,"[1, 0, 0]",9.809334489693313,B,A,0,0,0,1,0,0,0
53,14,literal,"[1, 0, 0]",9.809334489693313,A,B,0,0,1,0,0,0,0
53,15,critical,"[0, 0, 1]",10.601314473197025,A,B,0,0,2,0,0,0,0
53,16,critical,"[0, 0, 1]",9.534300459978933,B,C,0,0,0,0,0,0,1
53,17,critical,"[0, 0, 1]",9.476997295932037,C,C,1,0,0,0,0,0,2
53,18,critical,"[0, 0, 1]",9.817301953532693,D,B,0,0,0,0,0,1,2
53,19,inferential,"[0, 1, 0]",9.964473565718272,B,D,0,0,0,0,0,1,3
54,0,literal,"[1, 0, 0]",8.281581293595435,D,D,1,0,0,0,0,0,0
54,1,inferential,"[0, 1, 0]",8.930296569606336,B,B,1,1,0,0,0,0,0
54,2,inferential,"[0, 1, 0]",9.418657000508436,B,B,1,0,0,1,0,0,0
54,3,inferential,"[0, 1, 0]",8.986986090029994,C,C,1,0,0,2,0,0,0
54,4,inferential,"[0, 1, 0]",9.014710410853871,A,A,1,0,0,3,0,0,0
54,5,inferential,"[0, 1, 0]",9.40224051539958,A,A,1,0,0,4,0,0,0
54,6,literal,"[1, 0, 0]",8.599516274509805,C,B,0,0,0,5,0,0,0
54,7,critical,"[0, 0, 1]",9.381757705161776,A,D,0,0,1,0,0,0,0
54,8,inferential,"[0, 1, 0]",9.49525004529942,A,B,0,0,0,0,0,0,1
54,9,literal,"[1, 0, 0]",8.431689417989418,B,A,0,0,0,0,1,0,0
54,10,literal,"[1, 0, 0]",8.431689417989418,A,C,0,0,1,0,0,0,0
54,11,critical,"[0, 0, 1]",9.683797540643393,C,C,1,0,2,0,0,0,0
54,12,inferential,"[0, 1, 0]",9.617674180239577,C,D,0,0,0,0,0,1,0
54,13,literal,"[1, 0, 0]",9.809334489693313,C,A,0,0,0,0,1,0,0
54,14,literal,"[1, 0, 0]",9.809334489693313,B,B,1,0,1,0,0,0,0
54,15,critical,"[0, 0, 1]",10.601314473197025,B,B,1,1,1,0,0,0,0
54,16,critical,"[0, 0, 1]",9.534300459978933,C,C,1,0,0,0,0,1,0
54,17,critical,"[0, 0, 1]",9.476997295932037,A,C,0,0,0,0,0,2,0
54,18,critical,"[0, 0, 1]",9.817301953532693,A,B,0,0,0,0,0,2,1
54,19,inferential,"[0, 1, 0]",9.964473565718272,B,D,0,0,0,0,0,2,2
55,0,literal,"[1, 0, 0]",8.281581293595435,D,D,1,0,0,0,0,0,0
55,1,inferential,"[0, 1, 0]",8.930296569606336,B,B,1,1,0,0,0,0,0
55,2,inferential,"[0, 1, 0]",9.418657000508436,B,B,1,0,0,1,0,0,0
55,3,inferential,"[0, 1, 0]",8.986986090029994,C,C,1,0,0,2,0,0,0
55,4,inferential,"[0, 1, 0]",9.014710410853871,A,A,1,0,0,3,0,0,0
55,5,inferential,"[0, 1, 0]",9.40224051539958,D,A,0,0,0,4,0,0,0
55,6,literal,"[1, 0, 0]",8.599516274509805,B,B,1,0,0,4,1,0,0
55,7,critical,"[0, 0, 1]",9.381757705161776,A,D,0,1,0,0,0,0,0
55,8,inferential,"[0, 1, 0]",9.49525004529942,D,B,0,0,0,0,0,0,1
55,9,literal,"[1, 0, 0]",8.431689417989418,A,A,1,0,0,0,1,0,0
55,10,literal,"[1, 0, 0]",8.431689417989418,A,C,0,1,0,0,0,0,0
55,11,critical,"[0, 0, 1]",9.683797540643393,A,C,0,1,1,0,0,0,0
55,12,inferential,"[0, 1, 0]",9.617674180239577,D,D,1,0,0,0,0,0,1
55,13,literal,"[1, 0, 0]",9.809334489693313,A,A,1,0,0,1,0,0,0
55,14,literal,"[1, 0, 0]",9.809334489693313,A,B,0,1,0,0,0,0,0
55,15,critical,"[0, 0, 1]",10.601314473197025,D,B,0,1,1,0,0,0,0
55,16,critical,"[0, 0, 1]",9.534300459978933,D,C,0,0,0,0,0,0,1
55,17,critical,"[0, 0, 1]",9.476997295932037,B,C,0,0,0,0,0,0,2
55,18,critical,"[0, 0, 1]",9.817301953532693,D,B,0,0,0,0,0,0,3
55,19,inferential,"[0, 1, 0]",9.964473565718272,B,D,0,0,0,0,0,0,4
56,0,literal,"[1, 0, 0]",8.281581293595435,D,D,1,0,0,0,0,0,0
56,1,inferential,"[0, 1, 0]",8.930296569606336,A,B,0,1,0,0,0,0,0
56,2,inferential,"[0, 1, 0]",9.418657000508436,B,B,1,0,0,0,1,0,0
56,3,inferential,"[0, 1, 0]",8.986986090029994,A,C,0,0,0,1,1,0,0
56,4,inferential,"[0, 1, 0]",9.014710410853871,C,A,0,0,0,1,2,0,0
56,5,inferential,"[0, 1, 0]",9.40224051539958,B,A,0,0,0,1,3,0,0
56,6,literal,"[1, 0, 0]",8.599516274509805,B,B,1,0,0,1,4,0,0
56,7,critical,"[0, 0, 1]",9.381757705161776,A,D,0,1,0,0,0,0,0
56,8,inferential,"[0, 1, 0]",9.49525004529942,C,B,0,0,0,0,0,0,1
56,9,literal,"[1, 0, 0]",8.431689417989418,D,A,0,0,0,0,1,0,0
56,10,literal,"[1, 0, 0]",8.431689417989418,A,C,0,0,1,0,0,0,0
56,11,critical,"[0, 0, 1]",9.683797540643393,A,C,0,0,2,0,0,0,0
56,12,inferential,"[0, 1, 0]",9.617674180239577,B,D,0,0,0,0,0,0,1
56,13,literal,"[1, 0, 0]",9.809334489693313,A,A,1,0,0,0,1,0,0
56,14,literal,"[1, 0, 0]",9.809334489693313,B,B,1,1,0,0,0,0,0
56,15,critical,"[0, 0, 1]",10.601314473197025,A,B,0,2,0,0,0,0,0
56,16,critical,"[0, 0, 1]",9.534300459978933,C,C,1,0,0,0,0,0,1
56,17,critical,"[0, 0, 1]",9.476997295932037,B,C,0,0,0,0,0,1,1
56,18,critical,"[0, 0, 1]",9.817301953532693,A,B,0,0,0,0,0,1,2
56,19,inferential,"[0, 1, 0]",9.964473565718272,A,D,0,0,0,0,0,1,3
57,0,literal,"[1, 0, 0]",8.281581293595435,D,D,1,0,0,0,0,0,0
57,1,inferential,"[0, 1, 0]",8.930296569606336,B,B,1,1,0,0,0,0,0
57,2,inferential,"[0, 1, 0]",9.418657000508436,C,B,0,0,0,1,0,0,0
57,3,inferential,"[0, 1, 0]",8.986986090029994,D,C,0,0,0,1,1,0,0
57,4,inferential,"[0, 1, 0]",9.014710410853871,C,A,0,0,0,1,2,0,0
57,5,inferential,"[0, 1, 0]",9.40224051539958,A,A,1,0,0,1,3,0,0
57,6,literal,"[1, 0, 0]",8.599516274509805,A,B,0,0,0,2,3,0,0
57,7,critical,"[0, 0, 1]",9.381757705161776,A,D,0,0,1,0,0,0,0
57,8,inferential,"[0, 1, 0]",9.49525004529942,B,B,1,0,0,0,0,0,1
57,9,literal,"[1, 0, 0]",8.431689417989418,B,A,0,0,0,1,0,0,0
57,10,literal,"[1, 0, 0]",8.431689417989418,A,C,0,0,1,0,0,0,0
57,11,critical,"[0, 0, 1]",9.683797540643393,D,C,0,0,2,0,0,0,0
57,12,inferential,"[0, 1, 0]",9.617674180239577,A,D,0,0,0,0,0,0,1
57,13,literal,"[1, 0, 0]",9.809334489693313,C,A,0,0,0,0,1,0,0
57,14,literal,"[1, 0, 0]",9.809334489693313,B,B,1,0,1,0,0,0,0
57,15,critical,"[0, 0, 1]",10.601314473197025,D,B,0,1,1,0,0,0,0
57,16,critical,"[0, 0, 1]",9.534300459978933,D,C,0,0,0,0,0,0,1
57,17,critical,"[0, 0, 1]",9.476997295932037,C,C,1,0,0,0,0,0,2
57,18,critical,"[0, 0, 1]",9.817301953532693,B,B,1,0,0,0,0,1,2
57,19,inferential,"[0, 1, 0]",9.964473565718272,D,D,1,0,0,0,0,2,2
58,0,literal,"[1, 0, 0]",8.281581293595435,B,D,0,0,0,0,0,0,0
58,1,inferential,"[0, 1, 0]",8.930296569606336,D,B,0,0,1,0,0,0,0
58,2,inferential,"[0, 1, 0]",9.418657000508436,C,B,0,0,0,0,1,0,0
58,3,inferential,"[0, 1, 0]",8.986986090029994,B,C,0,0,0,0,2,0,0
58,4,inferential,"[0, 1, 0]",9.014710410853871,A,A,1,0,0,0,3,0,0
58,5,inferential,"[0, 1, 0]",9.40224051539958,B,A,0,0,0,1,3,0,0
58,6,literal,"[1, 0, 0]",8.599516274509805,C,B,0,0,0,1,4,0,0
58,7,critical,"[0, 0, 1]",9.381757705161776,A,D,0,0,1,0,0,0,0
58,8,inferential,"[0, 1, 0]",9.49525004529942,A,B,0,0,0,0,0,0,1
58,9,literal,"[1, 0, 0]",8.431689417989418,B,A,0,0,0,0,1,0,0
58,10,literal,"[1, 0, 0]",8.431689417989418,B,C,0,0,1,0,0,0,0
58,11,critical,"[0, 0, 1]",9.683797540643393,D,C,0,0,2,0,0,0,0
58,12,inferential,"[0, 1, 0]",9.617674180239577,B,D,0,0,0,0,0,0,1
58,13,literal,"[1, 0, 0]",9.809334489693313,A,A,1,0,0,0,1,0,0
58,14,literal,"[1, 0, 0]",9.809334489693313,D,B,0,1,0,0,0,0,0
58,15,critical,"[0, 0, 1]",10.601314473197025,A,B,0,1,1,0,0,0,0
58,16,critical,"[0, 0, 1]",9.534300459978933,A,C,0,0,0,0,0,0,1
58,17,critical,"[0, 0, 1]",9.476997295932037,B,C,0,0,0,0,0,0,2
58,18,critical,"[0, 0, 1]",9.817301953532693,C,B,0,0,0,0,0,0,3
58,19,inferential,"[0, 1, 0]",9.964473565718272,B,D,0,0,0,0,0,0,4
59,0,literal,"[1, 0, 0]",8.281581293595435,D,D,1,0,0,0,0,0,0
59,1,inferential,"[0, 1, 0]",8.930296569606336,D,B,0,1,0,0,0,0,0
59,2,inferential,"[0, 1, 0]",9.418657000508436,C,B,0,0,0,0,1,0,0
59,3,inferential,"[0, 1, 0]",8.986986090029994,A,C,0,0,0,0,2,0,0
59,4,inferential,"[0, 1, 0]",9.014710410853871,B,A,0,0,0,0,3,0,0
59,5,inferential,"[0, 1, 0]",9.40224051539958,B,A,0,0,0,0,4,0,0
59,6,literal,"[1, 0, 0]",8.599516274509805,B,B,1,0,0,0,5,0,0
59,7,critical,"[0, 0, 1]",9.381757705161776,B,D,0,1,0,0,0,0,0
59,8,inferential,"[0, 1, 0]",9.49525004529942,C,B,0,0,0,0,0,0,1
59,9,literal,"[1, 0, 0]",8.431689417989418,D,A,0,0,0,0,1,0,0
59,10,literal,"[1, 0, 0]",8.431689417989418,A,C,0,0,1,0,0,0,0
59,11,critical,"[0, 0, 1]",9.683797540643393,A,C,0,0,2,0,0,0,0
59,12,inferential,"[0, 1, 0]",9.617674180239577,A,D,0,0,0,0,0,0,1
59,13,literal,"[1, 0, 0]",9.809334489693313,B,A,0,0,0,0,1,0,0
59,14,literal,"[1, 0, 0]",9.809334489693313,A,B,0,0,1,0,0,0,0
59,15,critical,"[0, 0, 1]",10.601314473197025,A,B,0,0,2,0,0,0,0
59,16,critical,"[0, 0, 1]",9.534300459978933,A,C,0,0,0,0,0,0,1
59,17,critical,"[0, 0, 1]",9.476997295932037,B,C,0,0,0,0,0,0,2
59,18,critical,"[0, 0, 1]",9.817301953532693,D,B,0,0,0,0,0,0,3
59,19,inferential,"[0, 1, 0]",9.964473565718272,A,D,0,0,0,0,0,0,4
60,0,literal,"[1, 0, 0]",8.281581293595435,D,D,1,0,0,0,0,0,0
60,1,inferential,"[0, 1, 0]",8.930296569606336,A,B,0,1,0,0,0,0,0
60,2,inferential,"[0, 1, 0]",9.418657000508436,B,B,1,0,0,0,1,0,0
60,3,inferential,"[0, 1, 0]",8.986986090029994,B,C,0,0,0,1,1,0,0
60,4,inferential,"[0, 1, 0]",9.014710410853871,A,A,1,0,0,1,2,0,0
60,5,inferential,"[0, 1, 0]",9.40224051539958,A,A,1,0,0,2,2,0,0
60,6,literal,"[1, 0, 0]",8.599516274509805,B,B,1,0,0,3,2,0,0
60,7,critical,"[0, 0, 1]",9.381757705161776,D,D,1,1,0,0,0,0,0
60,8,inferential,"[0, 1, 0]",9.49525004529942,C,B,0,0,0,0,0,1,0
60,9,literal,"[1, 0, 0]",8.431689417989418,B,A,0,0,0,0,1,0,0
60,10,literal,"[1, 0, 0]",8.431689417989418,A,C,0,0,1,0,0,0,0
60,11,critical,"[0, 0, 1]",9.683797540643393,A,C,0,0,2,0,0,0,0
60,12,inferential,"[0, 1, 0]",9.617674180239577,D,D,1,0,0,0,0,0,1
60,13,literal,"[1, 0, 0]",9.809334489693313,A,A,1,0,0,1,0,0,0
60,14,literal,"[1, 0, 0]",9.809334489693313,B,B,1,1,0,0,0,0,0
60,15,critical,"[0, 0, 1]",10.601314473197025,D,B,0,2,0,0,0,0,0
60,16,critical,"[0, 0, 1]",9.534300459978933,D,C,0,0,0,0,0,0,1
60,17,critical,"[0, 0, 1]",9.476997295932037,D,C,0,0,0,0,0,0,2
60,18,critical,"[0, 0, 1]",9.817301953532693,C,B,0,0,0,0,0,0,3
60,19,inferential,"[0, 1, 0]",9.964473565718272,D,D,1,0,0,0,0,0,4
61,0,literal,"[1, 0, 0]",8.281581293595435,D,D,1,0,0,0,0,0,0
61,1,inferential,"[0, 1, 0]",8.930296569606336,B,B,1,1,0,0,0,0,0
61,2,inferential,"[0, 1, 0]",9.418657000508436,C,B,0,0,0,1,0,0,0
61,3,inferential,"[0, 1, 0]",8.986986090029994,A,C,0,0,0,1,1,0,0
61,4,inferential,"[0, 1, 0]",9.014710410853871,A,A,1,0,0,1,2,0,0
61,5,inferential,"[0, 1, 0]",9.40224051539958,A,A,1,0,0,2,2,0,0
61,6,literal,"[1, 0, 0]",8.599516274509805,B,B,1,0,0,3,2,0,0
61,7,critical,"[0, 0, 1]",9.381757705161776,B,D,0,1,0,0,0,0,0
61,8,inferential,"[0, 1, 0]",9.49525004529942,A,B,0,0,0,0,0,0,1
61,9,literal,"[1, 0, 0]",8.431689417989418,C,A,0,0,0,0,1,0,0
61,10,literal,"[1, 0, 0]",8.431689417989418,D,C,0,0,1,0,0,0,0
61,11,critical,"[0, 0, 1]",9.683797540643393,A,C,0,0,2,0,0,0,0
61,12,inferential,"[0, 1, 0]",9.617674180239577,A,D,0,0,0,0,0,0,1
61,13,literal,"[1, 0, 0]",9.809334489693313,C,A,0,0,0,0,1,0,0
61,14,literal,"[1, 0, 0]",9.809334489693313,A,B,0,0,1,0,0,0,0
61,15,critical,"[0, 0, 1]",10.601314473197025,B,B,1,0,2,0,0,0,0
61,16,critical,"[0, 0, 1]",9.534300459978933,B,C,0,0,0,0,0,1,0
61,17,critical,"[0, 0, 1]",9.476997295932037,D,C,0,0,0,0,0,1,1
61,18,critical,"[0, 0, 1]",9.817301953532693,D,B,0,0,0,0,0,1,2
61,19,inferential,"[0, 1, 0]",9.964473565718272,C,D,0,0,0,0,0,1,3
62,0,literal,"[1, 0, 0]",8.281581293595435,D,D,1,0,0,0,0,0,0
62,1,inferential,"[0, 1, 0]",8.930296569606336,B,B,1,1,0,0,0,0,0
62,2,inferential,"[0, 1, 0]",9.418657000508436,B,B,1,0,0,1,0,0,0
62,3,inferential,"[0, 1, 0]",8.986986090029994,C,C,1,0,0,2,0,0,0
62,4,inferential,"[0, 1, 0]",9.014710410853871,A,A,1,0,0,3,0,0,0
62,5,inferential,"[0, 1, 0]",9.40224051539958,B,A,0,0,0,4,0,0,0
62,6,literal,"[1, 0, 0]",8.599516274509805,B,B,1,0,0,4,1,0,0
62,7,critical,"[0, 0, 1]",9.381757705161776,D,D,1,1,0,0,0,0,0
62,8,inferential,"[0, 1, 0]",9.49525004529942,C,B,0,0,0,0,0,1,0
62,9,literal,"[1, 0, 0]",8.431689417989418,B,A,0,0,0,0,1,0,0
62,10,literal,"[1, 0, 0]",8.431689417989418,A,C,0,0,1,0,0,0,0
62,11,critical,"[0, 0, 1]",9.683797540643393,A,C,0,0,2,0,0,0,0
62,12,inferential,"[0, 1, 0]",9.617674180239577,A,D,0,0,0,0,0,0,1
62,13,literal,"[1, 0, 0]",9.809334489693313,C,A,0,0,0,0,1,0,0
62,14,literal,"[1, 0, 0]",9.809334489693313,B,B,1,0,1,0,0,0,0
62,15,critical,"[0, 0, 1]",10.601314473197025,A,B,0,1,1,0,0,0,0
62,16,critical,"[0, 0, 1]",9.534300459978933,D,C,0,0,0,0,0,0,1
62,17,critical,"[0, 0, 1]",9.476997295932037,C,C,1,0,0,0,0,0,2
62,18,critical,"[0, 0, 1]",9.817301953532693,C,B,0,0,0,0,0,1,2
62,19,inferential,"[0, 1, 0]",9.964473565718272,D,D,1,0,0,0,0,1,3
63,0,literal,"[1, 0, 0]",8.281581293595435,B,D,0,0,0,0,0,0,0
63,1,inferential,"[0, 1, 0]",8.930296569606336,B,B,1,0,1,0,0,0,0
63,2,inferential,"[0, 1, 0]",9.418657000508436,B,B,1,0,0,1,0,0,0
63,3,inferential,"[0, 1, 0]",8.986986090029994,A,C,0,0,0,2,0,0,0
63,4,inferential,"[0, 1, 0]",9.014710410853871,A,A,1,0,0,2,1,0,0
63,5,inferential,"[0, 1, 0]",9.40224051539958,B,A,0,0,0,3,1,0,0
63,6,literal,"[1, 0, 0]",8.599516274509805,B,B,1,0,0,3,2,0,0
63,7,critical,"[0, 0, 1]",9.381757705161776,B,D,0,1,0,0,0,0,0
63,8,inferential,"[0, 1, 0]",9.49525004529942,C,B,0,0,0,0,0,0,1
63,9,literal,"[1, 0, 0]",8.431689417989418,B,A,0,0,0,0,1,0,0
63,10,literal,"[1, 0, 0]",8.431689417989418,A,C,0,0,1,0,0,0,0
63,11,critical,"[0, 0, 1]",9.683797540643393,A,C,0,0,2,0,0,0,0
63,12,inferential,"[0, 1, 0]",9.617674180239577,A,D,0,0,0,0,0,0,1
63,13,literal,"[1, 0, 0]",9.809334489693313,A,A,1,0,0,0,1,0,0
63,14,literal,"[1, 0, 0]",9.809334489693313,B,B,1,1,0,0,0,0,0
63,15,critical,"[0, 0, 1]",10.601314473197025,B,B,1,2,0,0,0,0,0
63,16,critical,"[0, 0, 1]",9.534300459978933,C,C,1,0,0,0,0,1,0
63,17,critical,"[0, 0, 1]",9.476997295932037,B,C,0,0,0,0,0,2,0
63,18,critical,"[0, 0, 1]",9.817301953532693,D,B,0,0,0,0,0,2,1
63,19,inferential,"[0, 1, 0]",9.964473565718272,B,D,0,0,0,0,0,2,2
64,0,literal,"[1, 0, 0]",8.281581293595435,C,D,0,0,0,0,0,0,0
64,1,inferential,"[0, 1, 0]",8.930296569606336,C,B,0,0,1,0,0,0,0
64,2,inferential,"[0, 1, 0]",9.418657000508436,D,B,0,0,0,0,1,0,0
64,3,inferential,"[0, 1, 0]",8.986986090029994,A,C,0,0,0,0,2,0,0
64,4,inferential,"[0, 1, 0]",9.014710410853871,C,A,0,0,0,0,3,0,0
64,5,inferential,"[0, 1, 0]",9.40224051539958,D,A,0,0,0,0,4,0,0
64,6,literal,"[1, 0, 0]",8.599516274509805,A,B,0,0,0,0,5,0,0
64,7,critical,"[0, 0, 1]",9.381757705161776,B,D,0,0,1,0,0,0,0
64,8,inferential,"[0, 1, 0]",9.49525004529942,A,B,0,0,0,0,0,0,1
64,9,literal,"[1, 0, 0]",8.431689417989418,B,A,0,0,0,0,1,0,0
64,10,literal,"[1, 0, 0]",8.431689417989418,A,C,0,0,1,0,0,0,0
64,11,critical,"[0, 0, 1]",9.683797540643393,B,C,0,0,2,0,0,0,0
64,12,inferential,"[0, 1, 0]",9.617674180239577,A,D,0,0,0,0,0,0,1
64,13,literal,"[1, 0, 0]",9.809334489693313,A,A,1,0,0,0,1,0,0
64,14,literal,"[1, 0, 0]",9.809334489693313,C,B,0,1,0,0,0,0,0
64,15,critical,"[0, 0, 1]",10.601314473197025,A,B,0,1,1,0,0,0,0
64,16,critical,"[0, 0, 1]",9.534300459978933,A,C,0,0,0,0,0,0,1
64,17,critical,"[0, 0, 1]",9.476997295932037,C,C,1,0,0,0,0,0,2
64,18,critical,"[0, 0, 1]",9.817301953532693,A,B,0,0,0,0,0,1,2
64,19,inferential,"[0, 1, 0]",9.964473565718272,D,D,1,0,0,0,0,1,3
65,0,literal,"[1, 0, 0]",8.281581293595435,D,D,1,0,0,0,0,0,0
65,1,inferential,"[0, 1, 0]",8.930296569606336,A,B,0,1,0,0,0,0,0
65,2,inferential,"[0, 1, 0]",9.418657000508436,B,B,1,0,0,0,1,0,0
65,3,inferential,"[0, 1, 0]",8.986986090029994,C,C,1,0,0,1,1,0,0
65,4,inferential,"[0, 1, 0]",9.014710410853871,A,A,1,0,0,2,1,0,0
65,5,inferential,"[0, 1, 0]",9.40224051539958,A,A,1,0,0,3,1,0,0
65,6,literal,"[1, 0, 0]",8.599516274509805,B,B,1,0,0,4,1,0,0
65,7,critical,"[0, 0, 1]",9.381757705161776,D,D,1,1,0,0,0,0,0
65,8,inferential,"[0, 1, 0]",9.49525004529942,C,B,0,0,0,0,0,1,0
65,9,literal,"[1, 0, 0]",8.431689417989418,B,A,0,0,0,0,1,0,0
65,10,literal,"[1, 0, 0]",8.431689417989418,A,C,0,0,1,0,0,0,0
65,11,critical,"[0, 0, 1]",9.683797540643393,D,C,0,0,2,0,0,0,0
65,12,inferential,"[0, 1, 0]",9.617674180239577,A,D,0,0,0,0,0,0,1
65,13,literal,"[1, 0, 0]",9.809334489693313,D,A,0,0,0,0,1,0,0
65,14,literal,"[1, 0, 0]",9.809334489693313,A,B,0,0,1,0,0,0,0
65,15,critical,"[0, 0, 1]",10.601314473197025,C,B,0,0,2,0,0,0,0
65,16,critical,"[0, 0, 1]",9.534300459978933,D,C,0,0,0,0,0,0,1
65,17,critical,"[0, 0, 1]",9.476997295932037,B,C,0,0,0,0,0,0,2
65,18,critical,"[0, 0, 1]",9.817301953532693,B,B,1,0,0,0,0,0,3
65,19,inferential,"[0, 1, 0]",9.964473565718272,D,D,1,0,0,0,0,1,3
66,0,literal,"[1, 0, 0]",8.281581293595435,D,D,1,0,0,0,0,0,0
66,1,inferential,"[0, 1, 0]",8.930296569606336,B,B,1,1,0,0,0,0,0
66,2,inferential,"[0, 1, 0]",9.418657000508436,B,B,1,0,0,1,0,0,0
66,3,inferential,"[0, 1, 0]",8.986986090029994,C,C,1,0,0,2,0,0,0
66,4,inferential,"[0, 1, 0]",9.014710410853871,A,A,1,0,0,3,0,0,0
66,5,inferential,"[0, 1, 0]",9.40224051539958,A,A,1,0,0,4,0,0,0
66,6,literal,"[1, 0, 0]",8.599516274509805,B,B,1,0,0,5,0,0,0
66,7,critical,"[0, 0, 1]",9.381757705161776,D,D,1,1,0,0,0,0,0
66,8,inferential,"[0, 1, 0]",9.49525004529942,B,B,1,0,0,0,0,1,0
66,9,literal,"[1, 0, 0]",8.431689417989418,C,A,0,0,0,1,0,0,0
66,10,literal,"[1, 0, 0]",8.431689417989418,A,C,0,0,1,0,0,0,0
66,11,critical,"[0, 0, 1]",9.683797540643393,D,C,0,0,2,0,0,0,0
66,12,inferential,"[0, 1, 0]",9.617674180239577,C,D,0,0,0,0,0,0,1
66,13,literal,"[1, 0, 0]",9.809334489693313,B,A,0,0,0,0,1,0,0
66,14,literal,"[1, 0, 0]",9.809334489693313,A,B,0,0,1,0,0,0,0
66,15,critical,"[0, 0, 1]",10.601314473197025,C,B,0,0,2,0,0,0,0
66,16,critical,"[0, 0, 1]",9.534300459978933,D,C,0,0,0,0,0,0,1
66,17,critical,"[0, 0, 1]",9.476997295932037,B,C,0,0,0,0,0,0,2
66,18,critical,"[0, 0, 1]",9.817301953532693,B,B,1,0,0,0,0,0,3
66,19,inferential,"[0, 1, 0]",9.964473565718272,A,D,0,0,0,0,0,1,3
67,0,literal,"[1, 0, 0]",8.281581293595435,D,D,1,0,0,0,0,0,0
67,1,inferential,"[0, 1, 0]",8.930296569606336,B,B,1,1,0,0,0,0,0
67,2,inferential,"[0, 1, 0]",9.418657000508436,C,B,0,0,0,1,0,0,0
67,3,inferential,"[0, 1, 0]",8.986986090029994,C,C,1,0,0,1,1,0,0
67,4,inferential,"[0, 1, 0]",9.014710410853871,A,A,1,0,0,2,1,0,0
67,5,inferential,"[0, 1, 0]",9.40224051539958,A,A,1,0,0,3,1,0,0
67,6,literal,"[1, 0, 0]",8.599516274509805,B,B,1,0,0,4,1,0,0
67,7,critical,"[0, 0, 1]",9.381757705161776,B,D,0,1,0,0,0,0,0
67,8,inferential,"[0, 1, 0]",9.49525004529942,D,B,0,0,0,0,0,0,1
67,9,literal,"[1, 0, 0]",8.431689417989418,C,A,0,0,0,0,1,0,0
67,10,literal,"[1, 0, 0]",8.431689417989418,A,C,0,0,1,0,0,0,0
67,11,critical,"[0, 0, 1]",9.683797540643393,A,C,0,0,2,0,0,0,0
67,12,inferential,"[0, 1, 0]",9.617674180239577,A,D,0,0,0,0,0,0,1
67,13,literal,"[1, 0, 0]",9.809334489693313,B,A,0,0,0,0,1,0,0
67,14,literal,"[1, 0, 0]",9.809334489693313,B,B,1,0,1,0,0,0,0
67,15,critical,"[0, 0, 1]",10.601314473197025,C,B,0,1,1,0,0,0,0
67,16,critical,"[0, 0, 1]",9.534300459978933,D,C,0,0,0,0,0,0,1
67,17,critical,"[0, 0, 1]",9.476997295932037,B,C,0,0,0,0,0,0,2
67,18,critical,"[0, 0, 1]",9.817301953532693,D,B,0,0,0,0,0,0,3
67,19,inferential,"[0, 1, 0]",9.964473565718272,D,D,1,0,0,0,0,0,4
68,0,literal,"[1, 0, 0]",8.281581293595435,D,D,1,0,0,0,0,0,0
68,1,inferential,"[0, 1, 0]",8.930296569606336,A,B,0,1,0,0,0,0,0
68,2,inferential,"[0, 1, 0]",9.418657000508436,B,B,1,0,0,0,1,0,0
68,3,inferential,"[0, 1, 0]",8.986986090029994,C,C,1,0,0,1,1,0,0
68,4,inferential,"[0, 1, 0]",9.014710410853871,A,A,1,0,0,2,1,0,0
68,5,inferential,"[0, 1, 0]",9.40224051539958,B,A,0,0,0,3,1,0,0
68,6,literal,"[1, 0, 0]",8.599516274509805,B,B,1,0,0,3,2,0,0
68,7,critical,"[0, 0, 1]",9.381757705161776,D,D,1,1,0,0,0,0,0
68,8,inferential,"[0, 1, 0]",9.49525004529942,D,B,0,0,0,0,0,1,0
68,9,literal,"[1, 0, 0]",8.431689417989418,B,A,0,0,0,0,1,0,0
68,10,literal,"[1, 0, 0]",8.431689417989418,A,C,0,0,1,0,0,0,0
68,11,critical,"[0, 0, 1]",9.683797540643393,A,C,0,0,2,0,0,0,0
68,12,inferential,"[0, 1, 0]",9.617674180239577,A,D,0,0,0,0,0,0,1
68,13,literal,"[1, 0, 0]",9.809334489693313,B,A,0,0,0,0,1,0,0
68,14,literal,"[1, 0, 0]",9.809334489693313,B,B,1,0,1,0,0,0,0
68,15,critical,"[0, 0, 1]",10.601314473197025,C,B,0,1,1,0,0,0,0
68,16,critical,"[0, 0, 1]",9.534300459978933,D,C,0,0,0,0,0,0,1
68,17,critical,"[0, 0, 1]",9.476997295932037,B,C,0,0,0,0,0,0,2
68,18,critical,"[0, 0, 1]",9.817301953532693,B,B,1,0,0,0,0,0,3
68,19,inferential,"[0, 1, 0]",9.964473565718272,D,D,1,0,0,0,0,1,3
69,0,literal,"[1, 0, 0]",8.281581293595435,D,D,1,0,0,0,0,0,0
69,1,inferential,"[0, 1, 0]",8.930296569606336,A,B,0,1,0,0,0,0,0
69,2,inferential,"[0, 1, 0]",9.418657000508436,C,B,0,0,0,0,1,0,0
69,3,inferential,"[0, 1, 0]",8.986986090029994,B,C,0,0,0,0,2,0,0
69,4,inferential,"[0, 1, 0]",9.014710410853871,A,A,1,0,0,0,3,0,0
69,5,inferential,"[0, 1, 0]",9.40224051539958,A,A,1,0,0,1,3,0,0
69,6,literal,"[1, 0, 0]",8.599516274509805,C,B,0,0,0,2,3,0,0
69,7,critical,"[0, 0, 1]",9.381757705161776,B,D,0,0,1,0,0,0,0
69,8,inferential,"[0, 1, 0]",9.49525004529942,C,B,0,0,0,0,0,0,1
69,9,literal,"[1, 0, 0]",8.431689417989418,C,A,0,0,0,0,1,0,0
69,10,literal,"[1, 0, 0]",8.431689417989418,A,C,0,0,1,0,0,0,0
69,11,critical,"[0, 0, 1]",9.683797540643393,A,C,0,0,2,0,0,0,0
69,12,inferential,"[0, 1, 0]",9.617674180239577,D,D,1,0,0,0,0,0,1
69,13,literal,"[1, 0, 0]",9.809334489693313,B,A,0,0,0,1,0,0,0
69,14,literal,"[1, 0, 0]",9.809334489693313,B,B,1,0,1,0,0,0,0
69,15,critical,"[0, 0, 1]",10.601314473197025,D,B,0,1,1,0,0,0,0
69,16,critical,"[0, 0, 1]",9.534300459978933,D,C,0,0,0,0,0,0,1
69,17,critical,"[0, 0, 1]",9.476997295932037,A,C,0,0,0,0,0,0,2
69,18,critical,"[0, 0, 1]",9.817301953532693,B,B,1,0,0,0,0,0,3
69,19,inferential,"[0, 1, 0]",9.964473565718272,C,D,0,0,0,0,0,1,3
